UF;Ano;Total F06;Subfunção;Valor;Pct
AC;2015;422789664,35;Policiamento;272543433,14;64,46312578596506
AC;2015;422789664,35;Defesa Civil;43390258,45;10,262847488646278
AC;2015;422789664,35;Informação e Inteligência;1040025,17;0,24599115297649068
AC;2015;422789664,35;Administração Geral;66207344,13;15,659641120079806
AC;2015;422789664,35;Demais Subfunções;39608603,46;9,368394452332359
AC;2016;434114223,37;Policiamento;267856834,64;61,701925488790735
AC;2016;434114223,37;Defesa Civil;42163739,05;9,712591014108149
AC;2016;434114223,37;Informação e Inteligência;14383,76;0,003313358380276007
AC;2016;434114223,37;Administração Geral;72227993,05;16,63801579439136
AC;2016;434114223,37;Demais Subfunções;51851272,87;11,94415434432947
AC;2017;506393234,63;Policiamento;299206137,65;59,08572966394726
AC;2017;506393234,63;Defesa Civil;48646953,92;9,606556840267476
AC;2017;506393234,63;Informação e Inteligência;688,57;0,00013597535529934733
AC;2017;506393234,63;Administração Geral;89812456,3;17,73571409689589
AC;2017;506393234,63;Demais Subfunções;68726998,19;13,571863423534063
AC;2018;579819877,47;Policiamento;350422372,01;60,436419244376616
AC;2018;579819877,47;Defesa Civil;53716294,4;9,264307155937283
AC;2018;579819877,47;Administração Geral;113396098,35;19,55712502386004
AC;2018;579819877,47;Demais Subfunções;62285112,71;10,742148575826057
AC;2019;660178009,42;Policiamento;406111043,43;61,51538488638681
AC;2019;660178009,42;Defesa Civil;61971233,31;9,387049011893762
AC;2019;660178009,42;Administração Geral;139917064,08;21,19383894700223
AC;2019;660178009,42;Demais Subfunções;52178668,6;7,903727154717198
AC;2020;481239719,07;Informação e Inteligência;999,6;0,00020771352828726107
AC;2020;481239719,07;Administração Geral;480765048,64;99,90136507624156
AC;2020;481239719,07;Demais Subfunções;473670,83;0,09842721023014749
AC;2021;542440176,63;Policiamento;248760664,96;45,85955754705839
AC;2021;542440176,63;Defesa Civil;1394378,53;0,257056646995215
AC;2021;542440176,63;Informação e Inteligência;7449896,25;1,3734042150571741
AC;2021;542440176,63;Demais Subfunções;284835236,89;52,50998159088922
AC;2022;929907362,4;Policiamento;346799224,06;37,29395400902571
AC;2022;929907362,4;Defesa Civil;63314575,8;6,808697119742257
AC;2022;929907362,4;Informação e Inteligência;280386128,59;30,152049540327415
AC;2022;929907362,4;Demais Subfunções;239407433,95;25,74529933090462
AC;2023;1020473939,2;Policiamento;370661979,15;36,322532591138994
AC;2023;1020473939,2;Defesa Civil;92857778,0;9,099475688011768
AC;2023;1020473939,2;Informação e Inteligência;297072944,98;29,11127208333122
AC;2023;1020473939,2;Demais Subfunções;259881237,07;25,46671963751801
AC;2024;1091202543,64;Policiamento;386636770,66;35,43217278162392
AC;2024;1091202543,64;Defesa Civil;102247520,71;9,3701688385848
AC;2024;1091202543,64;Informação e Inteligência;318246494,88;29,164750094735215
AC;2024;1091202543,64;Demais Subfunções;284071757,39;26,032908285056056
AL;2015;1047591867,09;Policiamento;766890215,03;73,20505619810386
AL;2015;1047591867,09;Informação e Inteligência;4069332,85;0,38844639576133694
AL;2015;1047591867,09;Administração Geral;259799083,45;24,799646848316005
AL;2015;1047591867,09;Demais Subfunções;16833235,76;1,6068505578187957
AL;2016;1032406706,97;Policiamento;758265737,25;73,44641720465246
AL;2016;1032406706,97;Defesa Civil;5598147,47;0,5422424546649784
AL;2016;1032406706,97;Informação e Inteligência;1807202,01;0,17504748833954584
AL;2016;1032406706,97;Administração Geral;257741558,43;24,965118561312245
AL;2016;1032406706,97;Demais Subfunções;8994061,81;0,8711742910307685
AL;2017;1121306009,4;Policiamento;799842563,62;71,33133657671094
AL;2017;1121306009,4;Defesa Civil;22223276,97;1,9819100926687674
AL;2017;1121306009,4;Informação e Inteligência;9040897,96;0,806282841990448
AL;2017;1121306009,4;Administração Geral;280384561,82;25,005177843471206
AL;2017;1121306009,4;Demais Subfunções;9814709,03;0,8752926451586356
AL;2018;1152617461,36;Policiamento;793270701,5;68,82341523474767
AL;2018;1152617461,36;Defesa Civil;11610,0;0,0010072726111836875
AL;2018;1152617461,36;Informação e Inteligência;5079,0;0,00044064923274779916
AL;2018;1152617461,36;Administração Geral;351231413,4;30,47250498752413
AL;2018;1152617461,36;Demais Subfunções;8098657,46;0,7026318558842763
AL;2019;1115833764,44;Policiamento;32581907,72;2,919960728769646
AL;2019;1115833764,44;Defesa Civil;3355304,72;0,3006993359520642
AL;2019;1115833764,44;Informação e Inteligência;614164,75;0,05504088239418252
AL;2019;1115833764,44;Administração Geral;1074371055,11;96,28414996468503
AL;2019;1115833764,44;Demais Subfunções;4911332,14;0,4401490881990683
AL;2020;1325167795,36;Policiamento;48362014,77;3,6495012133057307
AL;2020;1325167795,36;Defesa Civil;8609468,87;0,6496889601562585
AL;2020;1325167795,36;Informação e Inteligência;50140,39;0,0037837012169752195
AL;2020;1325167795,36;Administração Geral;1260595817,78;95,12726027555944
AL;2020;1325167795,36;Demais Subfunções;7550353,55;0,5697658497616027
AL;2021;1320467623,05;Policiamento;54860459,1;4,154623569889884
AL;2021;1320467623,05;Defesa Civil;220416,79;0,016692328244359678
AL;2021;1320467623,05;Informação e Inteligência;12057,64;0,0009131340889789793
AL;2021;1320467623,05;Administração Geral;1255801167,65;95,10276100139176
AL;2021;1320467623,05;Demais Subfunções;9573521,87;0,7250099663850292
AL;2022;1583072100,53;Policiamento;60219729,5;3,803978952053979
AL;2022;1583072100,53;Defesa Civil;296490,74;0,018728820999418614
AL;2022;1583072100,53;Informação e Inteligência;72236,09;0,004563032219177884
AL;2022;1583072100,53;Administração Geral;1460950711,49;92,28579740625113
AL;2022;1583072100,53;Demais Subfunções;61532932,71;3,8869317884762964
AL;2023;1794418089,74;Policiamento;75054983,92;4,182692113345503
AL;2023;1794418089,74;Defesa Civil;257804,39;0,014367019117454076
AL;2023;1794418089,74;Informação e Inteligência;99286,1;0,005533052780045588
AL;2023;1794418089,74;Administração Geral;1671860374,21;93,17005795746532
AL;2023;1794418089,74;Demais Subfunções;47145641,12;2,627349857291681
AL;2024;2012602381,04;Policiamento;73822881,56;3,6680311151104017
AL;2024;2012602381,04;Defesa Civil;926813,96;0,04605052486925284
AL;2024;2012602381,04;Informação e Inteligência;1101320,65;0,05472122364432954
AL;2024;2012602381,04;Administração Geral;1920857205,85;95,44146543528427
AL;2024;2012602381,04;Demais Subfunções;15894159,02;0,7897317010917372
AM;2015;1354129104,93;Policiamento;82378100,54;6,083474628828574
AM;2015;1354129104,93;Defesa Civil;62631649,0;4,625234681979431
AM;2015;1354129104,93;Informação e Inteligência;296000,0;0,021859067863052934
AM;2015;1354129104,93;Administração Geral;1143958304,94;84,47926425738672
AM;2015;1354129104,93;Demais Subfunções;64865050,45;4,7901673639422375
AM;2016;1392572123,73;Policiamento;119583603,91;8,587246712198697
AM;2016;1392572123,73;Defesa Civil;11393451,87;0,8181588354276885
AM;2016;1392572123,73;Informação e Inteligência;312000,0;0,02240458463036794
AM;2016;1392572123,73;Administração Geral;1211365006,48;86,98759553188259
AM;2016;1392572123,73;Demais Subfunções;49918061,47;3,584594335860654
AM;2017;1411427539,63;Policiamento;5894083,8;0,4175973356411275
AM;2017;1411427539,63;Defesa Civil;29702151,37;2,104404975531815
AM;2017;1411427539,63;Informação e Inteligência;336000,0;0,02380568541889731
AM;2017;1411427539,63;Demais Subfunções;1375495304,46;97,45419200340815
AM;2018;1715177655,49;Policiamento;12373878,48;0,7214342164727521
AM;2018;1715177655,49;Defesa Civil;10930701,77;0,637292687146001
AM;2018;1715177655,49;Informação e Inteligência;168000,0;0,009794903721037864
AM;2018;1715177655,49;Administração Geral;1665511518,29;97,10431528529847
AM;2018;1715177655,49;Demais Subfunções;26193556,95;1,5271629073617392
AM;2019;2011381251,93;Policiamento;5104132,8;0,25376257211815917
AM;2019;2011381251,93;Defesa Civil;20694766,16;1,0288833178763375
AM;2019;2011381251,93;Informação e Inteligência;240730,0;0,011968392355701338
AM;2019;2011381251,93;Administração Geral;1951403809,96;97,01809679729045
AM;2019;2011381251,93;Demais Subfunções;33937813,01;1,687288920359346
AM;2020;2068375322,94;Policiamento;7107348,53;0,3436198668188313
AM;2020;2068375322,94;Defesa Civil;2913768,06;0,1408723082162068
AM;2020;2068375322,94;Informação e Inteligência;241154,0;0,011659102549010418
AM;2020;2068375322,94;Administração Geral;2014590070,61;97,39963768985845
AM;2020;2068375322,94;Demais Subfunções;43522981,74;2,1042110325574854
AM;2021;2276422104,83;Policiamento;8557451,29;0,3759167191288128
AM;2021;2276422104,83;Defesa Civil;9075307,12;0,39866539253614086
AM;2021;2276422104,83;Informação e Inteligência;102000,0;0,004480715583616125
AM;2021;2276422104,83;Administração Geral;2197212751,01;96,52044523500552
AM;2021;2276422104,83;Demais Subfunções;61474595,41;2,7004919377459142
AM;2022;2601261750,58;Policiamento;6225342,15;0,23932009720328776
AM;2022;2601261750,58;Defesa Civil;18200989,13;0,6996984877028138
AM;2022;2601261750,58;Informação e Inteligência;306000,0;0,011763522065081362
AM;2022;2601261750,58;Administração Geral;2482176907,9;95,4220353775068
AM;2022;2601261750,58;Demais Subfunções;94352511,4;3,627182515522029
AM;2023;2641795841,98;Policiamento;12432337,08;0,47060173547256723
AM;2023;2641795841,98;Defesa Civil;22768299,77;0,8618493302243744
AM;2023;2641795841,98;Informação e Inteligência;156000,0;0,005905074022793508
AM;2023;2641795841,98;Administração Geral;2474668256,59;93,6737130578289
AM;2023;2641795841,98;Demais Subfunções;131770948,54;4,987930802451372
AM;2024;2964407513,78;Policiamento;13166065,4;0,4441381739453081
AM;2024;2964407513,78;Defesa Civil;47392516,3;1,5987179927083797
AM;2024;2964407513,78;Administração Geral;2669546571,3;90,05329256826722
AM;2024;2964407513,78;Demais Subfunções;234302360,78;7,903851265079085
AP;2015;450492315,38;Policiamento;6631922,64;1,4721500042472044
AP;2015;450492315,38;Defesa Civil;3365672,92;0,7471099517338009
AP;2015;450492315,38;Informação e Inteligência;93464,38;0,02074716411558781
AP;2015;450492315,38;Administração Geral;439671344,84;97,59796778533895
AP;2015;450492315,38;Demais Subfunções;729910,6;0,1620250945644444
AP;2016;406228319,98;Policiamento;9003328,78;2,216322284089712
AP;2016;406228319,98;Defesa Civil;1268698,97;0,31231179797175695
AP;2016;406228319,98;Informação e Inteligência;118998,65;0,029293538669548865
AP;2016;406228319,98;Administração Geral;395743350,88;97,41894678822091
AP;2016;406228319,98;Demais Subfunções;93942,7;0,023125591048065067
AP;2017;447686649,35;Policiamento;13049004,09;2,9147628389066234
AP;2017;447686649,35;Defesa Civil;3352602,11;0,7488724791922365
AP;2017;447686649,35;Informação e Inteligência;128450,44;0,028692041673902553
AP;2017;447686649,35;Demais Subfunções;431156592,71;96,30767264022722
AP;2018;450858698,03;Policiamento;8042529,3;1,7838248070052434
AP;2018;450858698,03;Defesa Civil;1978052,01;0,43872992106905767
AP;2018;450858698,03;Informação e Inteligência;105568,61;0,023415010170875203
AP;2018;450858698,03;Demais Subfunções;440732548,11;97,75403026175483
AP;2019;552215231,77;Policiamento;26571201,43;4,811747286439759
AP;2019;552215231,77;Defesa Civil;3062351,06;0,5545575137767085
AP;2019;552215231,77;Informação e Inteligência;53049,55;0,009606679958819999
AP;2019;552215231,77;Administração Geral;522516823,55;94,62195055272045
AP;2019;552215231,77;Demais Subfunções;11806,18;0,0021379671042680193
AP;2020;722548985,65;Policiamento;27518654,12;3,8085520382046365
AP;2020;722548985,65;Defesa Civil;6512990,15;0,9013908093914159
AP;2020;722548985,65;Informação e Inteligência;38081,5;0,005270438510925616
AP;2020;722548985,65;Administração Geral;688441867,88;95,27961170143814
AP;2020;722548985,65;Demais Subfunções;37392,0;0,005175012454880471
AP;2021;720583076,55;Policiamento;20978686,8;2,9113488066416346
AP;2021;720583076,55;Defesa Civil;4069565,32;0,564760046750504
AP;2021;720583076,55;Informação e Inteligência;35238,83;0,004890321622416682
AP;2021;720583076,55;Administração Geral;695440037,05;96,51073688541513
AP;2021;720583076,55;Demais Subfunções;59548,55;0,008263939570313798
AP;2022;878492078,71;Policiamento;52144325,37;5,935662555611207
AP;2022;878492078,71;Defesa Civil;4372702,43;0,49775092297030005
AP;2022;878492078,71;Informação e Inteligência;60957,0;0,006938821814934381
AP;2022;878492078,71;Administração Geral;821747449,81;93,54067836521357
AP;2022;878492078,71;Demais Subfunções;166644,1;0,018969334389981572
AP;2023;930140168,2;Policiamento;33078550,01;3,5562973346278928
AP;2023;930140168,2;Defesa Civil;6544825,45;0,7036386206893414
AP;2023;930140168,2;Informação e Inteligência;190390,0;0,020468957960222408
AP;2023;930140168,2;Administração Geral;890251115,31;95,71150088408793
AP;2023;930140168,2;Demais Subfunções;75287,43;0,008094202634608893
AP;2024;1048091062,13;Policiamento;34011002,24;3,2450426750973906
AP;2024;1048091062,13;Defesa Civil;5527565,05;0,5273935872295787
AP;2024;1048091062,13;Informação e Inteligência;624787,3;0,05961192901791052
AP;2024;1048091062,13;Administração Geral;1007677580,2;96,14408676972505
AP;2024;1048091062,13;Demais Subfunções;250127,34;0,023865038930078717
BA;2015;3710967127,5;Policiamento;3319197698,39;89,44292914354305
BA;2015;3710967127,5;Defesa Civil;1716954,03;0,04626702342029841
BA;2015;3710967127,5;Informação e Inteligência;14955712,56;0,4030138787587522
BA;2015;3710967127,5;Administração Geral;254440411,58;6,856444771350242
BA;2015;3710967127,5;Demais Subfunções;120656350,94;3,251345182927654
BA;2016;4114985183,62;Policiamento;441980519,26;10,740756030406521
BA;2016;4114985183,62;Defesa Civil;9882056,84;0,2401480539793011
BA;2016;4114985183,62;Informação e Inteligência;20244640,21;0,4919735869423121
BA;2016;4114985183,62;Administração Geral;3507271616,45;85,23169488947254
BA;2016;4114985183,62;Demais Subfunções;135606350,86;3,29542743919932
BA;2017;4059868816,81;Policiamento;302700361,85;7,455914846230025
BA;2017;4059868816,81;Defesa Civil;15134896,41;0,3727927451087469
BA;2017;4059868816,81;Informação e Inteligência;10631953,32;0,2618792330426565
BA;2017;4059868816,81;Administração Geral;3602767640,48;88,740986545246
BA;2017;4059868816,81;Demais Subfunções;128633964,75;3,1684266303725748
BA;2018;4292028772,43;Policiamento;300676928,38;7,005473269690292
BA;2018;4292028772,43;Defesa Civil;26550540,16;0,618601168998408
BA;2018;4292028772,43;Informação e Inteligência;9021953,06;0,21020252981417176
BA;2018;4292028772,43;Administração Geral;3824915893,21;89,11673467287741
BA;2018;4292028772,43;Demais Subfunções;130863457,62;3,04898835861973
BA;2019;4506107994,55;Policiamento;280562472,29;6,226270489507392
BA;2019;4506107994,55;Defesa Civil;34845297,45;0,7732903315265485
BA;2019;4506107994,55;Informação e Inteligência;14193408,55;0,314981544320875
BA;2019;4506107994,55;Administração Geral;3941424039,95;87,46847711410894
BA;2019;4506107994,55;Demais Subfunções;235082776,31;5,2169805205362465
BA;2020;4301274307,75;Policiamento;222241189,41;5,166868548922064
BA;2020;4301274307,75;Defesa Civil;21771113,19;0,5061549585613034
BA;2020;4301274307,75;Informação e Inteligência;9372571,46;0,2179022026824139
BA;2020;4301274307,75;Administração Geral;3818364850,75;88,7728746773974
BA;2020;4301274307,75;Demais Subfunções;229524582,94;5,33619961243682
BA;2021;4319232567,0;Policiamento;319838983,26;7,4049956398191785
BA;2021;4319232567,0;Defesa Civil;27421980,73;0,6348808568334727
BA;2021;4319232567,0;Informação e Inteligência;15703536,15;0,3635723686188811
BA;2021;4319232567,0;Administração Geral;3720642814,15;86,14129377002358
BA;2021;4319232567,0;Demais Subfunções;235625252,71;5,4552573647049
BA;2022;5151760218,53;Policiamento;632219623,95;12,271914785086741
BA;2022;5151760218,53;Defesa Civil;67453800,69;1,3093350200457743
BA;2022;5151760218,53;Informação e Inteligência;11429838,58;0,2218627827220845
BA;2022;5151760218,53;Administração Geral;4194229070,73;81,41351485350728
BA;2022;5151760218,53;Demais Subfunções;246427884,58;4,783372558638135
BA;2023;5855742155,9;Policiamento;808998482,13;13,815473096179398
BA;2023;5855742155,9;Defesa Civil;48460126,76;0,8275659253741836
BA;2023;5855742155,9;Informação e Inteligência;21501888,57;0,36719322670885707
BA;2023;5855742155,9;Administração Geral;4727079861,33;80,7255465742663
BA;2023;5855742155,9;Demais Subfunções;249701797,11;4,264221177471262
BA;2024;6454228813,16;Policiamento;807905907,25;12,517466154944824
BA;2024;6454228813,16;Defesa Civil;58331075,54;0,9037652247634063
BA;2024;6454228813,16;Informação e Inteligência;43396771,96;0,6723773392030221
BA;2024;6454228813,16;Administração Geral;5194748759,96;80,4859714512762
BA;2024;6454228813,16;Demais Subfunções;349846298,45;5,420419829812553
CE;2015;1753469667,47;Policiamento;276838230,25;15,788025044621218
CE;2015;1753469667,47;Defesa Civil;23806206,24;1,3576628487876192
CE;2015;1753469667,47;Informação e Inteligência;3866704,32;0,22051732013015587
CE;2015;1753469667,47;Administração Geral;1400138016,38;79,84957152981119
CE;2015;1753469667,47;Demais Subfunções;48820510,28;2,7842232566498195
CE;2016;1878699039,68;Policiamento;109303704,63;5,818052935643047
CE;2016;1878699039,68;Defesa Civil;9203523,35;0,4898881170220666
CE;2016;1878699039,68;Administração Geral;1724961680,35;91,81681812345066
CE;2016;1878699039,68;Demais Subfunções;35230131,35;1,8752408238842115
CE;2017;2048599129,8;Policiamento;160425700,91;7,830995267759485
CE;2017;2048599129,8;Defesa Civil;20429488,04;0,9972418587327274
CE;2017;2048599129,8;Administração Geral;1816801118,51;88,6850478496186
CE;2017;2048599129,8;Demais Subfunções;50942822,34;2,4867150238891997
CE;2018;2533499592,96;Policiamento;170451819,74;6,727919760225956
CE;2018;2533499592,96;Defesa Civil;26816183,26;1,0584640840091655
CE;2018;2533499592,96;Administração Geral;2270813251,84;89,63148279755231
CE;2018;2533499592,96;Demais Subfunções;65418338,12;2,5821333582125763
CE;2019;2698889557,46;Policiamento;239103840,84;8,859341434668682
CE;2019;2698889557,46;Defesa Civil;2744237,19;0,10168023298377121
CE;2019;2698889557,46;Informação e Inteligência;44984651,27;1,6667837016767857
CE;2019;2698889557,46;Administração Geral;2369660158,74;87,80130154603854
CE;2019;2698889557,46;Demais Subfunções;42396669,42;1,5708930846322102
CE;2020;2972428596,5;Policiamento;134180285,57;4,514163459737795
CE;2020;2972428596,5;Defesa Civil;3650086,09;0,12279810839856452
CE;2020;2972428596,5;Informação e Inteligência;46959706,18;1,5798430359368263
CE;2020;2972428596,5;Administração Geral;2752003684,3;92,58434963048238
CE;2020;2972428596,5;Demais Subfunções;35634834,36;1,198845765444445
CE;2021;3186393887,75;Policiamento;148922533,5;4,673701329660731
CE;2021;3186393887,75;Defesa Civil;3774735,16;0,11846417276005522
CE;2021;3186393887,75;Informação e Inteligência;76682265,11;2,4065532326308676
CE;2021;3186393887,75;Administração Geral;2914694708,0;91,47314521300899
CE;2021;3186393887,75;Demais Subfunções;42319645,98;1,3281360519393621
CE;2022;4076369554,38;Policiamento;276080875,3;6,772714583822635
CE;2022;4076369554,38;Defesa Civil;1819817,75;0,04464310033040631
CE;2022;4076369554,38;Informação e Inteligência;106394869,89;2,610039852144422
CE;2022;4076369554,38;Administração Geral;3626015278,37;88,95207438868978
CE;2022;4076369554,38;Demais Subfunções;66058713,07;1,6205280750127493
CE;2023;4470803652,35;Policiamento;274255125,64;6,134358539674238
CE;2023;4470803652,35;Defesa Civil;11990713,3;0,2682004004738005
CE;2023;4470803652,35;Informação e Inteligência;75335937,89;1,6850647836077741
CE;2023;4470803652,35;Administração Geral;4047414330,96;90,52990571018584
CE;2023;4470803652,35;Demais Subfunções;61807544,56;1,3824705660583403
CE;2024;4685759577,95;Policiamento;376371029,17;8,032230909607632
CE;2024;4685759577,95;Defesa Civil;1822288,26;0,03888992232071035
CE;2024;4685759577,95;Informação e Inteligência;25826653,89;0,551173261460825
CE;2024;4685759577,95;Administração Geral;3951326255,96;84,32626963094613
CE;2024;4685759577,95;Demais Subfunções;330413350,67;7,051436275664713
DF;2015;604958319,63;Policiamento;18230136,48;3,013453305535128
DF;2015;604958319,63;Administração Geral;457941819,12;75,6980777452706
DF;2015;604958319,63;Demais Subfunções;128786364,03;21,288468949194275
DF;2016;708564578,41;Policiamento;59580096,9;8,408562707678128
DF;2016;708564578,41;Administração Geral;490266152,29;69,1914565345821
DF;2016;708564578,41;Demais Subfunções;158718329,22;22,399980757739783
DF;2017;745509635,19;Policiamento;56581135,31;7,589591420314745
DF;2017;745509635,19;Administração Geral;534767990,74;71,73186844241248
DF;2017;745509635,19;Demais Subfunções;154160509,14;20,678540137272773
DF;2018;789058634,23;Policiamento;135462393,57;17,16759537169129
DF;2018;789058634,23;Administração Geral;540844642,94;68,54302322764408
DF;2018;789058634,23;Demais Subfunções;112751597,72;14,289381400664633
DF;2019;825276748,29;Policiamento;115450288,38;13,989281609983163
DF;2019;825276748,29;Administração Geral;581870617,97;70,50612042271331
DF;2019;825276748,29;Demais Subfunções;127955841,94;15,50459796730353
DF;2020;893254504,76;Policiamento;98449136,57;11,021398273994862
DF;2020;893254504,76;Defesa Civil;1021101,18;0,11431245793429834
DF;2020;893254504,76;Administração Geral;603656337,26;67,57943386159477
DF;2020;893254504,76;Demais Subfunções;190127929,75;21,28485540647608
DF;2021;903561520,99;Policiamento;112622780,69;12,464317932286807
DF;2021;903561520,99;Administração Geral;593762035,36;65,71351497011916
DF;2021;903561520,99;Demais Subfunções;197176704,94;21,822167097594033
DF;2022;1044983398,47;Policiamento;96871021,99;9,270101528103943
DF;2022;1044983398,47;Defesa Civil;98920,5;0,009466226941483784
DF;2022;1044983398,47;Administração Geral;708316704,49;67,78257965888008
DF;2022;1044983398,47;Demais Subfunções;239696751,49;22,93785258607449
DF;2023;1186519440,38;Policiamento;131743175,12;11,103330517518309
DF;2023;1186519440,38;Defesa Civil;8951,98;0,0007544739424693285
DF;2023;1186519440,38;Administração Geral;751388720,72;63,327131031191264
DF;2023;1186519440,38;Demais Subfunções;303378592,56;25,568783977347948
DF;2024;1384000189,28;Policiamento;156589973,04;11,314302863026555
DF;2024;1384000189,28;Defesa Civil;23024,35;0,0016636088765260924
DF;2024;1384000189,28;Administração Geral;890004735,13;64,30669172039696
DF;2024;1384000189,28;Demais Subfunções;337382456,76;24,37734180769996
ES;2015;1218466827,8;Policiamento;31676512,07;2,599702457816883
ES;2015;1218466827,8;Defesa Civil;15590405,15;1,279510019829528
ES;2015;1218466827,8;Informação e Inteligência;1444641,63;0,11856224535947107
ES;2015;1218466827,8;Administração Geral;1144904171,08;93,96268695695056
ES;2015;1218466827,8;Demais Subfunções;24851097,87;2,0395383200435457
ES;2016;1275243310,39;Policiamento;29798755,66;2,3367113881104635
ES;2016;1275243310,39;Defesa Civil;15454920,77;1,2119193760188016
ES;2016;1275243310,39;Administração Geral;1175009143,6;92,13999665998278
ES;2016;1275243310,39;Demais Subfunções;54980490,36;4,311372575887941
ES;2017;1294299598,5;Policiamento;48725266,14;3,764604902641481
ES;2017;1294299598,5;Defesa Civil;6493448,19;0,5016959131815724
ES;2017;1294299598,5;Administração Geral;1161414200,92;89,73302643885508
ES;2017;1294299598,5;Demais Subfunções;77666683,25;6,000672745321879
ES;2018;1357880466,51;Policiamento;66491097,48;4,896682669785672
ES;2018;1357880466,51;Defesa Civil;12026466,36;0,885679311000784
ES;2018;1357880466,51;Administração Geral;1219935745,88;89,8411735029562
ES;2018;1357880466,51;Demais Subfunções;59427156,79;4,376464516257355
ES;2019;1311580321,52;Policiamento;34687958,54;2,6447452718564635
ES;2019;1311580321,52;Defesa Civil;15110939,85;1,152116999779916
ES;2019;1311580321,52;Administração Geral;1202027060,08;91,64723199620455
ES;2019;1311580321,52;Demais Subfunções;59754363,05;4,555905732159067
ES;2020;1325086211,25;Policiamento;90877950,13;6,858266983570198
ES;2020;1325086211,25;Defesa Civil;13665138,58;1,0312641142880206
ES;2020;1325086211,25;Administração Geral;1171421501,53;88,40341795006358
ES;2020;1325086211,25;Demais Subfunções;49121621,01;3,707050952078194
ES;2021;1484560625,78;Policiamento;153714714,06;10,354222750535168
ES;2021;1484560625,78;Defesa Civil;17241272,9;1,161372098963038
ES;2021;1484560625,78;Administração Geral;1236040882,42;83,25971071545659
ES;2021;1484560625,78;Demais Subfunções;77563756,4;5,22469443504521
ES;2022;2028006873,63;Policiamento;353711855,91;17,44135389821825
ES;2022;2028006873,63;Defesa Civil;28780330,47;1,4191436352720581
ES;2022;2028006873,63;Administração Geral;1487665924,45;73,35605928135614
ES;2022;2028006873,63;Demais Subfunções;157848762,8;7,78344318515356
ES;2023;2023752520,13;Policiamento;190887310,47;9,432344546641401
ES;2023;2023752520,13;Defesa Civil;37173179,11;1,8368441170668486
ES;2023;2023752520,13;Administração Geral;1670325286,85;82,53604480960463
ES;2023;2023752520,13;Demais Subfunções;125366743,7;6,194766526687108
ES;2024;2350029320,11;Policiamento;264688874,79;11,26321584692443
ES;2024;2350029320,11;Defesa Civil;38423008,5;1,6350012389718398
ES;2024;2350029320,11;Administração Geral;1911857536,8;81,35462483125572
ES;2024;2350029320,11;Demais Subfunções;135059900,02;5,74715808284801
GO;2015;2431198104,05;Policiamento;179324489,98;7,375971940800427
GO;2015;2431198104,05;Defesa Civil;245676933,29;10,105179535996685
GO;2015;2431198104,05;Informação e Inteligência;1395798,82;0,05741197386074031
GO;2015;2431198104,05;Administração Geral;1855427997,53;76,3174335501144
GO;2015;2431198104,05;Demais Subfunções;149372884,43;6,144002999227742
GO;2016;2467431484,36;Policiamento;107436464,82;4,354182294462647
GO;2016;2467431484,36;Defesa Civil;266349711,47;10,794614284460486
GO;2016;2467431484,36;Informação e Inteligência;206666,18;0,008375761649714252
GO;2016;2467431484,36;Administração Geral;2020485334,09;81,88617786945647
GO;2016;2467431484,36;Demais Subfunções;72953307,8;2,9566497899706645
GO;2017;2768797636,9;Policiamento;114369411,65;4,1306526026239405
GO;2017;2768797636,9;Defesa Civil;304568470,04;11,00002636454865
GO;2017;2768797636,9;Informação e Inteligência;961236,08;0,03471673289479612
GO;2017;2768797636,9;Administração Geral;2291672557,71;82,7677879801935
GO;2017;2768797636,9;Demais Subfunções;57225961,42;2,0668163197391087
GO;2018;2807535260,45;Policiamento;171694160,25;6,115476541601133
GO;2018;2807535260,45;Defesa Civil;307581777,48;10,95558021346809
GO;2018;2807535260,45;Informação e Inteligência;372147,25;0,013255301019455447
GO;2018;2807535260,45;Administração Geral;2257038387,19;80,39216529121119
GO;2018;2807535260,45;Demais Subfunções;70848788,28;2,5235226527001537
GO;2019;3643720859,68;Policiamento;191085768,25;5,244248272815871
GO;2019;3643720859,68;Defesa Civil;414860394,86;11,38562504748056
GO;2019;3643720859,68;Administração Geral;2988554758,28;82,01931139539768
GO;2019;3643720859,68;Demais Subfunções;49219938,29;1,3508152843059062
GO;2020;3135240199,99;Policiamento;139303620,47;4,44315623633699
GO;2020;3135240199,99;Defesa Civil;357190639,62;11,392767916829444
GO;2020;3135240199,99;Informação e Inteligência;1044531,76;0,03331584482756159
GO;2020;3135240199,99;Administração Geral;2637021848,71;84,10908512586727
GO;2020;3135240199,99;Demais Subfunções;679559,43;0,021674876138745847
GO;2021;3179193139,86;Policiamento;139641646,97;4,3923612321379535
GO;2021;3179193139,86;Defesa Civil;353406121,45;11,116220559835591
GO;2021;3179193139,86;Informação e Inteligência;647413,42;0,020364079548451396
GO;2021;3179193139,86;Administração Geral;2683709489,87;84,41479871802254
GO;2021;3179193139,86;Demais Subfunções;1788468,15;0,0562554104554578
GO;2022;3451974835,87;Policiamento;169046124,68;4,89708450141107
GO;2022;3451974835,87;Defesa Civil;404652139,35;11,722337461594377
GO;2022;3451974835,87;Informação e Inteligência;570491,06;0,01652651271011422
GO;2022;3451974835,87;Administração Geral;2877706080,78;83,36405152428445
GO;2023;3774328033,57;Policiamento;197790552,32;5,240417646817971
GO;2023;3774328033,57;Defesa Civil;16304483,04;0,4319837304808448
GO;2023;3774328033,57;Informação e Inteligência;931095,81;0,024669180890440786
GO;2023;3774328033,57;Administração Geral;3453286805,47;91,49408251628995
GO;2023;3774328033,57;Demais Subfunções;106015096,93;2,808846925520784
GO;2024;4229186399,3;Policiamento;234631484,56;5,547910695041376
GO;2024;4229186399,3;Defesa Civil;26765409,61;0,632873727543201
GO;2024;4229186399,3;Informação e Inteligência;13457496,23;0,3182053227123646
GO;2024;4229186399,3;Administração Geral;3770097978,34;89,144757936515
GO;2024;4229186399,3;Demais Subfunções;184234030,56;4,356252318188051
MA;2015;1127444760,17;Policiamento;102484380,72;9,089969135565191
MA;2015;1127444760,17;Defesa Civil;15126996,19;1,3417061947867936
MA;2015;1127444760,17;Administração Geral;937184555,02;83,12465391906989
MA;2015;1127444760,17;Demais Subfunções;72648828,24;6,443670750578126
MA;2016;1361929381,71;Policiamento;195263147,2;14,337244634140509
MA;2016;1361929381,71;Defesa Civil;8168458,17;0,5997710512525924
MA;2016;1361929381,71;Administração Geral;1122016289,85;82,38432219159762
MA;2016;1361929381,71;Demais Subfunções;36481486,49;2,678662123009262
MA;2017;1557092257,82;Policiamento;237412176,61;15,247148999532492
MA;2017;1557092257,82;Defesa Civil;8097818,81;0,5200603091648092
MA;2017;1557092257,82;Administração Geral;1265797872,14;81,29241320049813
MA;2017;1557092257,82;Demais Subfunções;45784390,26;2,9403774908045737
MA;2018;1816733557,05;Policiamento;323206853,65;17,790547898219106
MA;2018;1816733557,05;Defesa Civil;8733526,46;0,4807268752266262
MA;2018;1816733557,05;Administração Geral;1443970436,09;79,48168461393479
MA;2018;1816733557,05;Demais Subfunções;40822740,85;2,2470406126194806
MA;2019;1911950008,78;Policiamento;333263646,23;17,430562760511343
MA;2019;1911950008,78;Defesa Civil;5481364,39;0,2866897337706865
MA;2019;1911950008,78;Administração Geral;1546725093,88;80,89777906206622
MA;2019;1911950008,78;Demais Subfunções;26479904,28;1,3849684436517573
MA;2020;1882739938,95;Defesa Civil;11266224,06;0,5983951275970248
MA;2020;1882739938,95;Administração Geral;1754414773,84;93,18412689638023
MA;2020;1882739938,95;Demais Subfunções;117058941,05;6,217477976022727
MA;2021;1897050096,54;Policiamento;92387022,17;4,870035975249323
MA;2021;1897050096,54;Defesa Civil;11811334,0;0,6226158192418064
MA;2021;1897050096,54;Administração Geral;1761497196,72;92,85454295238524
MA;2021;1897050096,54;Demais Subfunções;31354543,65;1,6528052531236292
MA;2022;2046619327,98;Policiamento;101031779,16;4,936520327877374
MA;2022;2046619327,98;Defesa Civil;11100226,0;0,5423688640210317
MA;2022;2046619327,98;Administração Geral;1894137739,9;92,54958721461415
MA;2022;2046619327,98;Demais Subfunções;40349582,92;1,9715235934874502
MA;2023;2096734987,31;Policiamento;103730940,06;4,947260416209361
MA;2023;2096734987,31;Defesa Civil;19583585,44;0,9340038468631033
MA;2023;2096734987,31;Administração Geral;1929382312,7;92,01841550683024
MA;2023;2096734987,31;Demais Subfunções;44038149,11;2,1003202300973007
MA;2024;2207088688,29;Policiamento;130401808,81;5,908317572459321
MA;2024;2207088688,29;Defesa Civil;8276740,95;0,37500717546663803
MA;2024;2207088688,29;Administração Geral;2001087205,03;90,66637039313518
MA;2024;2207088688,29;Demais Subfunções;67322933,5;3,050304858938868
MG;2015;12788757100,71;Policiamento;243860603,83;1,9068358395552099
MG;2015;12788757100,71;Defesa Civil;42207234,39;0,33003390444921943
MG;2015;12788757100,71;Informação e Inteligência;108533522,63;0,8486635704729625
MG;2015;12788757100,71;Administração Geral;6051885935,98;47,32192415824376
MG;2015;12788757100,71;Demais Subfunções;6342269803,88;49,59254252727885
MG;2016;13476355447,41;Policiamento;163020794,68;1,2096801343372903
MG;2016;13476355447,41;Defesa Civil;22558275,79;0,16739151677937852
MG;2016;13476355447,41;Informação e Inteligência;41345409,92;0,3067996394228835
MG;2016;13476355447,41;Administração Geral;6256452862,13;46,425406977020764
MG;2016;13476355447,41;Demais Subfunções;6992978104,89;51,89072173243968
MG;2017;14061121696,67;Policiamento;337906322,34;2,4031249400254038
MG;2017;14061121696,67;Defesa Civil;25840186,27;0,1837704475320739
MG;2017;14061121696,67;Informação e Inteligência;36485695,28;0,25947926536074756
MG;2017;14061121696,67;Administração Geral;6244595384,39;44,4103644012189
MG;2017;14061121696,67;Demais Subfunções;7416294108,39;52,74326094586288
MG;2018;14276773882,62;Policiamento;292189127,39;2,0466047147086908
MG;2018;14276773882,62;Defesa Civil;26003885,1;0,18214118479284833
MG;2018;14276773882,62;Informação e Inteligência;35361728,62;0,24768710992227744
MG;2018;14276773882,62;Administração Geral;6249373896,54;43,77301166160339
MG;2018;14276773882,62;Demais Subfunções;7673845244,97;53,750555328972794
MG;2019;14395520898,66;Policiamento;282594393,67;1,9630716780544228
MG;2019;14395520898,66;Defesa Civil;31507519,93;0,21887030105963629
MG;2019;14395520898,66;Informação e Inteligência;8445602,02;0,05866826271487094
MG;2019;14395520898,66;Administração Geral;6121193328,2;42,52151326298855
MG;2019;14395520898,66;Demais Subfunções;7951780054,84;55,237876495182526
MG;2020;14993280866,47;Policiamento;5424583911,45;36,18009933757185
MG;2020;14993280866,47;Defesa Civil;654396490,91;4,364598360679349
MG;2020;14993280866,47;Informação e Inteligência;17720127,99;0,11818712760612751
MG;2020;14993280866,47;Administração Geral;416778376,48;2,7797676852172906
MG;2020;14993280866,47;Demais Subfunções;8479801959,64;56,55734748892538
MG;2021;15913135742,78;Policiamento;5657855996,25;35,55462661604608
MG;2021;15913135742,78;Defesa Civil;708827192,31;4,454352704378859
MG;2021;15913135742,78;Informação e Inteligência;21575402,96;0,13558234724283708
MG;2021;15913135742,78;Administração Geral;427138751,92;2,6841897085795834
MG;2021;15913135742,78;Demais Subfunções;9097738399,34;57,17124862375263
MG;2022;18698237836,66;Policiamento;6396516947,92;34,20919663017072
MG;2022;18698237836,66;Defesa Civil;949700017,2;5,079088337073167
MG;2022;18698237836,66;Informação e Inteligência;36715820,41;0,19635978925251715
MG;2022;18698237836,66;Administração Geral;538672722,03;2,8808742659903035
MG;2022;18698237836,66;Demais Subfunções;10776632329,1;57,63448097751329
MG;2023;18922940038,75;Policiamento;6262551171,34;33,095022013047014
MG;2023;18922940038,75;Defesa Civil;808709431,68;4,273698643149223
MG;2023;18922940038,75;Informação e Inteligência;20013194,1;0,10576154687917101
MG;2023;18922940038,75;Administração Geral;511470698,56;2,7029134876114442
MG;2023;18922940038,75;Demais Subfunções;11320195543,07;59,82260430931314
MG;2024;19859711299,89;Policiamento;6723661213,86;33,85578527466933
MG;2024;19859711299,89;Defesa Civil;844910180,51;4,2543930662007154
MG;2024;19859711299,89;Informação e Inteligência;25057117,78;0,12617060440419792
MG;2024;19859711299,89;Administração Geral;584422540,5;2,9427544624137463
MG;2024;19859711299,89;Demais Subfunções;11681660247,24;58,82089659231201
MS;2015;1057123362,22;Policiamento;1041552692,08;98,52707160805708
MS;2015;1057123362,22;Defesa Civil;15528570,15;1,468945887014492
MS;2015;1057123362,22;Demais Subfunções;42099,99;0,003982504928430338
MS;2016;1213709545,04;Policiamento;1210651677,61;99,74805607795568
MS;2016;1213709545,04;Defesa Civil;3057867,43;0,25194392204431604
MS;2017;1235268448,81;Policiamento;1231483956,91;99,69363000377402
MS;2017;1235268448,81;Defesa Civil;3784491,9;0,3063699962259866
MS;2018;1116194010,79;Policiamento;1115414577,04;99,93017040564047
MS;2018;1116194010,79;Defesa Civil;779433,75;0,06982959435952771
MS;2019;1198526176,96;Policiamento;1195051794,41;99,71011208459272
MS;2019;1198526176,96;Defesa Civil;3474382,55;0,28988791540728737
MS;2020;1239098578,62;Policiamento;23215185,95;1,87355440080119
MS;2020;1239098578,62;Administração Geral;1215883392,67;98,12644559919883
MS;2021;1404733613,56;Policiamento;43992752,37;3,1317505287361693
MS;2021;1404733613,56;Administração Geral;1360740861,19;96,86824947126384
MS;2022;1954103796,47;Policiamento;309708790,62;15,84914737791692
MS;2022;1954103796,47;Administração Geral;1513694568,17;77,46234211838802
MS;2022;1954103796,47;Demais Subfunções;130700437,68;6,688510503695067
MS;2023;2096097105,92;Policiamento;1097628873,11;52,365363704284995
MS;2023;2096097105,92;Defesa Civil;398816,0;0,01902659942965549
MS;2023;2096097105,92;Administração Geral;773269999,56;36,890943524327
MS;2023;2096097105,92;Demais Subfunções;224799417,25;10,724666171958338
MS;2024;1842293218,72;Policiamento;1103088167,91;59,875819804428886
MS;2024;1842293218,72;Administração Geral;733645852,06;39,82242590947205
MS;2024;1842293218,72;Demais Subfunções;5559198,75;0,3017542860990638
MT;2015;1376025071,24;Policiamento;49361241,68;3,587234179935275
MT;2015;1376025071,24;Defesa Civil;10434199,5;0,7582855660178676
MT;2015;1376025071,24;Informação e Inteligência;4391799,4;0,31916565270444863
MT;2015;1376025071,24;Administração Geral;1284031835,68;93,31456690123382
MT;2015;1376025071,24;Demais Subfunções;27805994,98;2,0207477001085983
MT;2016;1759673246,81;Policiamento;57958180,05;3,293689902660548
MT;2016;1759673246,81;Defesa Civil;17828734,95;1,013184406952858
MT;2016;1759673246,81;Informação e Inteligência;5537928,24;0,31471344183014427
MT;2016;1759673246,81;Administração Geral;1651191744,71;93,83513375016304
MT;2016;1759673246,81;Demais Subfunções;27156658,86;1,5432784983934138
MT;2017;1852416215,9;Policiamento;58380634,92;3,1515938167079613
MT;2017;1852416215,9;Defesa Civil;4533049,24;0,24471008195086486
MT;2017;1852416215,9;Informação e Inteligência;6281336,45;0,33908882874620055
MT;2017;1852416215,9;Administração Geral;1754595349,34;94,71928253918497
MT;2017;1852416215,9;Demais Subfunções;28625845,95;1,5453247334099844
MT;2018;2004744755,39;Policiamento;46123328,56;2,3007082789962077
MT;2018;2004744755,39;Defesa Civil;6248134,55;0,3116673348665026
MT;2018;2004744755,39;Informação e Inteligência;6413785,54;0,3199302815361286
MT;2018;2004744755,39;Administração Geral;1913723396,03;95,45970333054728
MT;2018;2004744755,39;Demais Subfunções;32236110,71;1,6079907740538686
MT;2019;2367502201,9;Policiamento;46391878,51;1,9595284208297232
MT;2019;2367502201,9;Defesa Civil;1339291,55;0,056569812223413084
MT;2019;2367502201,9;Informação e Inteligência;7518094,94;0,31755387319033856
MT;2019;2367502201,9;Administração Geral;2277992449,62;96,21923256467657
MT;2019;2367502201,9;Demais Subfunções;34260487,28;1,4471153290799394
MT;2020;2473063944,07;Policiamento;68674196,5;2,776887215741809
MT;2020;2473063944,07;Defesa Civil;1617070,28;0,06538732182309592
MT;2020;2473063944,07;Informação e Inteligência;137480,0;0,0055590960488366824
MT;2020;2473063944,07;Administração Geral;2373808678,25;95,9865467264606
MT;2020;2473063944,07;Demais Subfunções;28826519,04;1,1656196399256575
MT;2021;2746537613,83;Policiamento;109181308,75;3,975234426072488
MT;2021;2746537613,83;Defesa Civil;6267676,67;0,22820283394043278
MT;2021;2746537613,83;Informação e Inteligência;20439859,65;0,7442046140958165
MT;2021;2746537613,83;Administração Geral;2531141676,81;92,15754643463143
MT;2021;2746537613,83;Demais Subfunções;79507091,95;2,8948116912598447
MT;2022;3220150997,38;Policiamento;155048706,47;4,814951429176822
MT;2022;3220150997,38;Defesa Civil;6128660,23;0,1903221381539698
MT;2022;3220150997,38;Informação e Inteligência;741869,62;0,023038348841517203
MT;2022;3220150997,38;Administração Geral;2943693801,2;91,41477538149816
MT;2022;3220150997,38;Demais Subfunções;114537959,86;3,5569127023295213
MT;2023;3520213912,88;Policiamento;142483153,16;4,047570877402446
MT;2023;3520213912,88;Defesa Civil;1962810,68;0,055758278575581265
MT;2023;3520213912,88;Informação e Inteligência;1359453,25;0,03861848409342226
MT;2023;3520213912,88;Administração Geral;3320009621,97;94,31272371893427
MT;2023;3520213912,88;Demais Subfunções;54398873,82;1,545328640994278
MT;2024;3892123071,94;Policiamento;275437882,62;7,076803007740196
MT;2024;3892123071,94;Defesa Civil;9337214,6;0,2399002916253091
MT;2024;3892123071,94;Informação e Inteligência;14383399,79;0,3695515153078317
MT;2024;3892123071,94;Administração Geral;3511117374,19;90,21085174575195
MT;2024;3892123071,94;Demais Subfunções;81847200,74;2,1028934395747116
PA;2015;2124729292,29;Policiamento;164784733,81;7,755563704418909
PA;2015;2124729292,29;Defesa Civil;9122001,38;0,42932534573232384
PA;2015;2124729292,29;Informação e Inteligência;39109462,71;1,8406797916288167
PA;2015;2124729292,29;Administração Geral;1664523463,55;78,34049587352385
PA;2015;2124729292,29;Demais Subfunções;247189630,84;11,633935284696099
PA;2016;2220348191,37;Policiamento;148706487,96;6,69744000233788
PA;2016;2220348191,37;Defesa Civil;12369473,79;0,5570961274487216
PA;2016;2220348191,37;Informação e Inteligência;6571305,53;0,29595833462252474
PA;2016;2220348191,37;Administração Geral;1734427810,16;78,11512702833437
PA;2016;2220348191,37;Demais Subfunções;318273113,93;14,334378507256515
PA;2017;2323451896,21;Policiamento;149434253,76;6,431562194326304
PA;2017;2323451896,21;Defesa Civil;16238872,85;0,6989115150818808
PA;2017;2323451896,21;Informação e Inteligência;5349931,29;0,23025788907989764
PA;2017;2323451896,21;Administração Geral;1746019723,94;75,14765968635272
PA;2017;2323451896,21;Demais Subfunções;406409114,37;17,4916087151592
PA;2018;2711131960,52;Policiamento;187617732,89;6,920272993794613
PA;2018;2711131960,52;Defesa Civil;16962815,58;0,6256728122059576
PA;2018;2711131960,52;Informação e Inteligência;5996111,56;0,22116634849636513
PA;2018;2711131960,52;Administração Geral;1960959303,27;72,329909861484
PA;2018;2711131960,52;Demais Subfunções;539595997,22;19,902977984019067
PA;2019;2832033196,54;Policiamento;147840438,3;5,2202932677703835
PA;2019;2832033196,54;Defesa Civil;14867936,14;0,524991591135468
PA;2019;2832033196,54;Informação e Inteligência;8081627,32;0,28536485129742206
PA;2019;2832033196,54;Administração Geral;2127016838,77;75,10564640868812
PA;2019;2832033196,54;Demais Subfunções;534226356,01;18,863703881108602
PA;2020;2952598687,52;Policiamento;183638145,52;6,219543018026763
PA;2020;2952598687,52;Defesa Civil;19683329,47;0,66664425318609
PA;2020;2952598687,52;Informação e Inteligência;18472320,87;0,6256292447760858
PA;2020;2952598687,52;Administração Geral;2189221698,35;74,14558936178389
PA;2020;2952598687,52;Demais Subfunções;541583193,31;18,342594122227165
PA;2021;3229269412,76;Policiamento;220724052,12;6,835108004548651
PA;2021;3229269412,76;Defesa Civil;31765013,64;0,9836594467617057
PA;2021;3229269412,76;Informação e Inteligência;23383663,28;0,7241162099267027
PA;2021;3229269412,76;Administração Geral;2328028202,98;72,09148279115786
PA;2021;3229269412,76;Demais Subfunções;625368480,74;19,365633547605075
PA;2022;4056231178,34;Policiamento;292436405,88;7,209559638552916
PA;2022;4056231178,34;Defesa Civil;46583963,14;1,148454343252308
PA;2022;4056231178,34;Informação e Inteligência;29085007,49;0,7170451143246462
PA;2022;4056231178,34;Administração Geral;2775898266,67;68,43540578981565
PA;2022;4056231178,34;Demais Subfunções;912227535,16;22,489535114054476
PA;2023;4718838963,13;Policiamento;388126092,0;8,225033637141888
PA;2023;4718838963,13;Defesa Civil;94616983,61;2,00509032728764
PA;2023;4718838963,13;Informação e Inteligência;41798965,69;0,885789195532852
PA;2023;4718838963,13;Administração Geral;3201932108,37;67,85423561574906
PA;2023;4718838963,13;Demais Subfunções;992364813,46;21,029851224288564
PA;2024;5289023439,28;Policiamento;440820490,37;8,334629169841785
PA;2024;5289023439,28;Defesa Civil;83759488,09;1,5836475117115814
PA;2024;5289023439,28;Informação e Inteligência;54250833,9;1,0257249664861614
PA;2024;5289023439,28;Administração Geral;3386112805,6;64,02151256226905
PA;2024;5289023439,28;Demais Subfunções;1324079821,32;25,03448578969142
PB;2015;909976812,61;Policiamento;6060361,25;0,6659907336119524
PB;2015;909976812,61;Defesa Civil;6502269,85;0,7145533556344317
PB;2015;909976812,61;Informação e Inteligência;344608,1;0,03786998692984202
PB;2015;909976812,61;Administração Geral;878193764,77;96,50726838315367
PB;2015;909976812,61;Demais Subfunções;18875808,64;2,0743175406701093
PB;2016;1082056430,96;Policiamento;2864308,08;0,26470967669022466
PB;2016;1082056430,96;Defesa Civil;4463838,21;0,41253284785153804
PB;2016;1082056430,96;Informação e Inteligência;200939,0;0,01857010357784455
PB;2016;1082056430,96;Administração Geral;1034800897,83;95,63280326442171
PB;2016;1082056430,96;Demais Subfunções;39726447,84;3,6713841074586764
PB;2017;1152515773,4;Policiamento;5911974,85;0,5129625976882963
PB;2017;1152515773,4;Defesa Civil;4104660,02;0,3561478389047096
PB;2017;1152515773,4;Informação e Inteligência;198752,5;0,017245100204890607
PB;2017;1152515773,4;Administração Geral;1097389552,72;95,21687928683406
PB;2017;1152515773,4;Demais Subfunções;44910833,31;3,896765176368041
PB;2018;1263483457,0;Policiamento;3356030,31;0,26561727353110887
PB;2018;1263483457,0;Defesa Civil;6433227,88;0,5091659763614934
PB;2018;1263483457,0;Informação e Inteligência;156283,9;0,012369287396217963
PB;2018;1263483457,0;Administração Geral;1196562051,56;94,70342052606708
PB;2018;1263483457,0;Demais Subfunções;56975863,35;4,509426936644094
PB;2019;1330366298,34;Policiamento;6479112,99;0,4870172221052568
PB;2019;1330366298,34;Defesa Civil;7096916,34;0,5334558120463039
PB;2019;1330366298,34;Informação e Inteligência;189274,29;0,014227231269776756
PB;2019;1330366298,34;Administração Geral;1250910088,84;94,02749381135528
PB;2019;1330366298,34;Demais Subfunções;65690905,88;4,93780592322337
PB;2020;1398735056,95;Policiamento;7324113,06;0,5236240432816871
PB;2020;1398735056,95;Defesa Civil;3803149,24;0,2718991864186864
PB;2020;1398735056,95;Informação e Inteligência;27074,0;0,0019356060224182828
PB;2020;1398735056,95;Administração Geral;1339894467,14;95,79329984491099
PB;2020;1398735056,95;Demais Subfunções;47686253,51;3,4092413193662177
PB;2021;1433380830,3;Policiamento;9316359,51;0,6499570325668531
PB;2021;1433380830,3;Defesa Civil;6047195,08;0,4218833510375851
PB;2021;1433380830,3;Informação e Inteligência;191370,09;0,01335095921158281
PB;2021;1433380830,3;Administração Geral;1365445179,38;95,26046048029112
PB;2021;1433380830,3;Demais Subfunções;52380726,24;3,654348176892875
PB;2022;1756622202,34;Policiamento;14284433,87;0,8131762111950809
PB;2022;1756622202,34;Defesa Civil;16675545,52;0,9492960693418582
PB;2022;1756622202,34;Informação e Inteligência;492680,74;0,0280470518557547
PB;2022;1756622202,34;Administração Geral;1646933232,28;93,75568805211029
PB;2022;1756622202,34;Demais Subfunções;78236309,93;4,453792615497018
PB;2023;1866161521,13;Policiamento;20972412,31;1,1238262107826957
PB;2023;1866161521,13;Defesa Civil;11445941,38;0,6133414096476087
PB;2023;1866161521,13;Informação e Inteligência;326903,34;0,017517419381900726
PB;2023;1866161521,13;Administração Geral;1735926575,55;93,02123936725798
PB;2023;1866161521,13;Demais Subfunções;97489688,55;5,224075592929809
PB;2024;2074315646,91;Policiamento;32765581,99;1,5795851532436338
PB;2024;2074315646,91;Defesa Civil;15627439,47;0,7533780836720478
PB;2024;2074315646,91;Informação e Inteligência;448639,97;0,02162833658745792
PB;2024;2074315646,91;Administração Geral;1943186902,71;93,67845754838055
PB;2024;2074315646,91;Demais Subfunções;82287082,77;3,966950878116297
PE;2015;2133617294,92;Policiamento;1738372078,33;81,47534623331688
PE;2015;2133617294,92;Defesa Civil;220543207,05;10,336586958453076
PE;2015;2133617294,92;Informação e Inteligência;991361,25;0,04646387392717358
PE;2015;2133617294,92;Administração Geral;70771302,72;3,316963303986227
PE;2015;2133617294,92;Demais Subfunções;102939345,57;4,824639630316631
PE;2016;2314708998,81;Policiamento;1810255884,39;78,2066292272877
PE;2016;2314708998,81;Defesa Civil;218216230,08;9,427372088335325
PE;2016;2314708998,81;Informação e Inteligência;649170,0;0,028045426026932135
PE;2016;2314708998,81;Administração Geral;70038614,18;3,0258064497959403
PE;2016;2314708998,81;Demais Subfunções;215549100,16;9,312146808554102
PE;2017;2529880338,52;Policiamento;1948308078,97;77,01186689761681
PE;2017;2529880338,52;Defesa Civil;263947765,4;10,433211459891083
PE;2017;2529880338,52;Informação e Inteligência;1326260,6;0,05242384708107866
PE;2017;2529880338,52;Administração Geral;115205903,96;4,553808423500234
PE;2017;2529880338,52;Demais Subfunções;201092329,59;7,948689371910792
PE;2018;2775175397,3;Policiamento;2343900221,3;84,45953447052058
PE;2018;2775175397,3;Defesa Civil;235533504,4;8,48715741099295
PE;2018;2775175397,3;Informação e Inteligência;495750,36;0,017863748737550828
PE;2018;2775175397,3;Administração Geral;71729565,05;2,5846858227334573
PE;2018;2775175397,3;Demais Subfunções;123516356,19;4,45075854701546
PE;2019;2892252835,04;Policiamento;2436588796,23;84,24535942053288
PE;2019;2892252835,04;Defesa Civil;270305437,59;9,345843984150218
PE;2019;2892252835,04;Informação e Inteligência;494992,0;0,017114409708691814
PE;2019;2892252835,04;Administração Geral;76601498,57;2,6485063007619316
PE;2019;2892252835,04;Demais Subfunções;108262110,65;3,7431758848462753
PE;2020;2880151335,77;Policiamento;2422625614,48;84,11452496930403
PE;2020;2880151335,77;Defesa Civil;276950156,5;9,615819594631065
PE;2020;2880151335,77;Informação e Inteligência;880876,4;0,030584378989394333
PE;2020;2880151335,77;Administração Geral;79194863,18;2,7496771505177695
PE;2020;2880151335,77;Demais Subfunções;100499825,21;3,4893939065577495
PE;2021;2884598185,52;Policiamento;2445971242,15;84,79417530067781
PE;2021;2884598185,52;Defesa Civil;251766617,39;8,727961442041003
PE;2021;2884598185,52;Informação e Inteligência;917758,71;0,03181582497718162
PE;2021;2884598185,52;Administração Geral;84351855,52;2,924215093229495
PE;2021;2884598185,52;Demais Subfunções;101590711,75;3,521832339074514
PE;2022;3320671005,89;Policiamento;2811041658,47;84,65282027288909
PE;2022;3320671005,89;Defesa Civil;275161800,18;8,286331277381443
PE;2022;3320671005,89;Informação e Inteligência;1376200,22;0,04144343771361215
PE;2022;3320671005,89;Administração Geral;89568131,02;2,697290121819645
PE;2022;3320671005,89;Demais Subfunções;143523216,0;4,322114890196212
PE;2023;3396404643,55;Policiamento;2874345426,78;84,62906303695512
PE;2023;3396404643,55;Defesa Civil;296699738,67;8,735700536549809
PE;2023;3396404643,55;Informação e Inteligência;1899777,54;0,055934958857384816
PE;2023;3396404643,55;Administração Geral;92330320,31;2,718472325885594
PE;2023;3396404643,55;Demais Subfunções;131129380,25;3,8608291417521015
PE;2024;3695934331,87;Policiamento;3130184040,04;84,692631388184
PE;2024;3695934331,87;Defesa Civil;300593139,63;8,133075770258923
PE;2024;3695934331,87;Informação e Inteligência;958899,82;0,025944720168088964
PE;2024;3695934331,87;Administração Geral;259945412,78;7,033280070441015
PE;2024;3695934331,87;Demais Subfunções;4252839,6;0,11506805094797848
PI;2015;225759749,07;Policiamento;38488408,73;17,04839276644754
PI;2015;225759749,07;Defesa Civil;4379688,03;1,939977364451276
PI;2015;225759749,07;Administração Geral;181014616,57;80,18019922314578
PI;2015;225759749,07;Demais Subfunções;1877035,74;0,831430645955404
PI;2016;695096776,0;Policiamento;49310169,11;7,094000549644328
PI;2016;695096776,0;Defesa Civil;34711942,93;4,993828791690439
PI;2016;695096776,0;Administração Geral;609093576,13;87,62716173639683
PI;2016;695096776,0;Demais Subfunções;1981087,83;0,2850089222684008
PI;2017;707425633,34;Policiamento;43815604,4;6,193669318021661
PI;2017;707425633,34;Defesa Civil;27274590,3;3,8554710226186275
PI;2017;707425633,34;Administração Geral;634683783,91;89,71738568666777
PI;2017;707425633,34;Demais Subfunções;1651654,73;0,23347397269193787
PI;2018;731363539,1;Policiamento;66087116,03;9,036151311470265
PI;2018;731363539,1;Defesa Civil;31769234,93;4,343836304595458
PI;2018;731363539,1;Administração Geral;631798247,02;86,38634731469894
PI;2018;731363539,1;Demais Subfunções;1708941,12;0,23366506923533345
PI;2019;851089755,17;Policiamento;57317197,78;6,734565588625989
PI;2019;851089755,17;Defesa Civil;12339663,16;1,4498662550032961
PI;2019;851089755,17;Administração Geral;780636809,09;91,7220310017799
PI;2019;851089755,17;Demais Subfunções;796085,14;0,09353715459082067
PI;2020;778257959,88;Policiamento;63601807,95;8,172329899434217
PI;2020;778257959,88;Defesa Civil;33122887,01;4,256029326716714
PI;2020;778257959,88;Administração Geral;680361569,46;87,42108716304108
PI;2020;778257959,88;Demais Subfunções;1171695,46;0,15055361080799795
PI;2021;805179449,32;Policiamento;68243362,81;8,475547018448337
PI;2021;805179449,32;Defesa Civil;29472217,21;3,6603290403015425
PI;2021;805179449,32;Administração Geral;705328039,45;87,59886259462687
PI;2021;805179449,32;Demais Subfunções;2135829,85;0,2652613466232623
PI;2022;957023498,46;Policiamento;16926624,88;1,7686739047930982
PI;2022;957023498,46;Defesa Civil;71809371,31;7,503407327568494
PI;2022;957023498,46;Administração Geral;794202229,67;82,98670105258597
PI;2022;957023498,46;Demais Subfunções;74085272,6;7,741217715052424
PI;2023;1068544224,81;Policiamento;30209235,5;2,8271394668172545
PI;2023;1068544224,81;Defesa Civil;32393299,66;3,031535701366026
PI;2023;1068544224,81;Administração Geral;927028608,87;86,75622284466859
PI;2023;1068544224,81;Demais Subfunções;78913080,78;7,385101987148141
PI;2024;1634489939,24;Policiamento;184731180,52;11,302068987093046
PI;2024;1634489939,24;Defesa Civil;89203728,9;5,457588129387794
PI;2024;1634489939,24;Informação e Inteligência;4930550,97;0,30165685646817697
PI;2024;1634489939,24;Administração Geral;1270608188,43;77,73729026565948
PI;2024;1634489939,24;Demais Subfunções;85016290,42;5,201395761391509
PR;2015;3200613195,89;Policiamento;2455322559,13;76,71412972623342
PR;2015;3200613195,89;Defesa Civil;170438855,2;5,325193791579235
PR;2015;3200613195,89;Informação e Inteligência;70760297,94;2,210835662080796
PR;2015;3200613195,89;Demais Subfunções;504091483,62;15,74984082010655
PR;2016;3653990738,41;Policiamento;2752065285,14;75,3167011675989
PR;2016;3653990738,41;Defesa Civil;243350040,64;6,659842842018025
PR;2016;3653990738,41;Informação e Inteligência;78429880,43;2,1464170558934703
PR;2016;3653990738,41;Demais Subfunções;580145532,2;15,87703893448961
PR;2017;4005811767,0;Policiamento;3015331383,67;75,2739159765417
PR;2017;4005811767,0;Defesa Civil;291194463,82;7,2692997264342
PR;2017;4005811767,0;Informação e Inteligência;81447430,25;2,0332315891866517
PR;2017;4005811767,0;Demais Subfunções;617838489,26;15,423552707837457
PR;2018;3579358424,34;Policiamento;2653888407,07;74,14424856206884
PR;2018;3579358424,34;Defesa Civil;259886801,66;7,260709067098266
PR;2018;3579358424,34;Informação e Inteligência;72771985,14;2,033101369372319
PR;2018;3579358424,34;Demais Subfunções;592811230,47;16,561941001460585
PR;2019;3444551316,5;Policiamento;2759148978,0;80,1018398182427
PR;2019;3444551316,5;Defesa Civil;29269243,85;0,8497258760464748
PR;2019;3444551316,5;Informação e Inteligência;76411849,52;2,2183397052026472
PR;2019;3444551316,5;Demais Subfunções;579721245,13;16,830094600508183
PR;2020;3370586391,61;Policiamento;1953384431,63;57,953845553175185
PR;2020;3370586391,61;Defesa Civil;33332909,56;0,9889350305030498
PR;2020;3370586391,61;Informação e Inteligência;616798859,34;18,29945260787037
PR;2020;3370586391,61;Administração Geral;192812931,82;5,720456603632718
PR;2020;3370586391,61;Demais Subfunções;574257259,26;17,037310204818674
PR;2021;3459075698,3;Policiamento;2019160099,62;58,3728219828302
PR;2021;3459075698,3;Defesa Civil;31736225,7;0,9174770507507861
PR;2021;3459075698,3;Informação e Inteligência;603484382,5;17,44640577818487
PR;2021;3459075698,3;Administração Geral;186160370,76;5,381795224992922
PR;2021;3459075698,3;Demais Subfunções;618534619,72;17,881499963241207
PR;2022;4338231292,14;Policiamento;2403102232,99;55,393594097759056
PR;2022;4338231292,14;Defesa Civil;52950356,99;1,2205517277498634
PR;2022;4338231292,14;Informação e Inteligência;728499267,56;16,792540980465787
PR;2022;4338231292,14;Administração Geral;242442908,62;5,588519659135225
PR;2022;4338231292,14;Demais Subfunções;911236525,98;21,004793534890055
PR;2023;5283235009,36;Policiamento;2804156322,26;53,07650175114376
PR;2023;5283235009,36;Defesa Civil;83348115,42;1,5775962127813168
PR;2023;5283235009,36;Informação e Inteligência;893326781,51;16,90870801558789
PR;2023;5283235009,36;Administração Geral;269612158,14;5,103164210229979
PR;2023;5283235009,36;Demais Subfunções;1232791632,03;23,334029810257064
PR;2024;5816315506,77;Policiamento;2614090734,88;44,94410132733144
PR;2024;5816315506,77;Defesa Civil;498560743,87;8,571762368972104
PR;2024;5816315506,77;Informação e Inteligência;1045816417,32;17,98073739470811
PR;2024;5816315506,77;Administração Geral;365140197,16;6,277860902404431
PR;2024;5816315506,77;Demais Subfunções;1292707413,54;22,225538006583907
RJ;2015;8627506653,44;Policiamento;231224425,23;2,6800839978234627
RJ;2015;8627506653,44;Defesa Civil;116465182,96;1,349928636839271
RJ;2015;8627506653,44;Informação e Inteligência;21641,15;0,00025083898360566477
RJ;2015;8627506653,44;Administração Geral;7537650219,03;87,367654663292
RJ;2015;8627506653,44;Demais Subfunções;742145185,07;8,602081863061658
RJ;2016;9154615319,0;Policiamento;575098364,0;6,282059310634372
RJ;2016;9154615319,0;Defesa Civil;59284081,0;0,6475868065909717
RJ;2016;9154615319,0;Administração Geral;7680963447,0;83,90263467497645
RJ;2016;9154615319,0;Demais Subfunções;839269427,0;9,167719207798205
RJ;2017;8552219680,0;Policiamento;193039317,0;2,2571837981598715
RJ;2017;8552219680,0;Defesa Civil;51350654,0;0,6004365640897569
RJ;2017;8552219680,0;Informação e Inteligência;2470,0;2,8881390942006297e-05
RJ;2017;8552219680,0;Administração Geral;7481450568,0;87,47963508813889
RJ;2017;8552219680,0;Demais Subfunções;826376671,0;9,662715668220534
RJ;2018;9461473976,0;Policiamento;238792984,0;2,5238454875606373
RJ;2018;9461473976,0;Defesa Civil;101155998,0;1,069135720888654
RJ;2018;9461473976,0;Informação e Inteligência;1283,0;1,3560255022150474e-05
RJ;2018;9461473976,0;Administração Geral;8083057591,0;85,43127224683495
RJ;2018;9461473976,0;Demais Subfunções;1038466120,0;10,975732984460729
RJ;2019;9654124450,0;Policiamento;699959298,0;7,25036539175751
RJ;2019;9654124450,0;Defesa Civil;137902179,0;1,4284276084715275
RJ;2019;9654124450,0;Administração Geral;8014851799,0;83,01997597513879
RJ;2019;9654124450,0;Demais Subfunções;801411174,0;8,301231024632171
RJ;2020;9317466849,68;Policiamento;309459222,0;3,321280633379748
RJ;2020;9317466849,68;Defesa Civil;87716094,93;0,9414156910363736
RJ;2020;9317466849,68;Administração Geral;8555656571,85;91,82384772470466
RJ;2020;9317466849,68;Demais Subfunções;364634960,9;3,913455950879214
RJ;2021;9802587724,05;Policiamento;266981762,29;2,7235845248798736
RJ;2021;9802587724,05;Defesa Civil;89041831,78;0,9083502671599843
RJ;2021;9802587724,05;Informação e Inteligência;23405599,17;0,23876959665023878
RJ;2021;9802587724,05;Administração Geral;8766137429,44;89,4267684841306
RJ;2021;9802587724,05;Demais Subfunções;657021101,37;6,702527127179309
RJ;2022;13651511239,35;Policiamento;468903768,53;3,4348121633479036
RJ;2022;13651511239,35;Defesa Civil;147436979,71;1,080004822360019
RJ;2022;13651511239,35;Informação e Inteligência;3301587,56;0,024184777070565565
RJ;2022;13651511239,35;Administração Geral;12291392072,84;90,03686007605147
RJ;2022;13651511239,35;Demais Subfunções;740476830,71;5,4241381611700366
RJ;2023;15180231055,08;Policiamento;385982001,59;2,542662230828382
RJ;2023;15180231055,08;Defesa Civil;371416773,4;2,446713571436101
RJ;2023;15180231055,08;Informação e Inteligência;1948983,75;0,012838959716280345
RJ;2023;15180231055,08;Administração Geral;13491153107,55;88,87317365986496
RJ;2023;15180231055,08;Demais Subfunções;929730188,79;6,124611578154271
RJ;2024;15757207716,73;Policiamento;367236020,85;2,3305907204618
RJ;2024;15757207716,73;Defesa Civil;233420909,38;1,481359601118722
RJ;2024;15757207716,73;Informação e Inteligência;14327545,22;0,0909269299330739
RJ;2024;15757207716,73;Administração Geral;14110153606,83;89,5472970877241
RJ;2024;15757207716,73;Demais Subfunções;1032069634,45;6,549825660762308
RN;2015;794089321,19;Policiamento;469173021,84;59,08315466790442
RN;2015;794089321,19;Defesa Civil;37567140,11;4,730845650172317
RN;2015;794089321,19;Administração Geral;278909939,23;35,12324518003005
RN;2015;794089321,19;Demais Subfunções;8439220,01;1,0627545018932154
RN;2016;885254261,69;Policiamento;500967355,67;56,59022241967242
RN;2016;885254261,69;Defesa Civil;3849712,3;0,4348708011470832
RN;2016;885254261,69;Administração Geral;363632551,65;41,07662254636369
RN;2016;885254261,69;Demais Subfunções;16804642,07;1,898284232816795
RN;2017;858659061,72;Policiamento;495362938,06;57,690294104359296
RN;2017;858659061,72;Defesa Civil;3358019,27;0,3910771363984063
RN;2017;858659061,72;Administração Geral;348928669,68;40,636462740060395
RN;2017;858659061,72;Demais Subfunções;11009434,71;1,2821660191819026
RN;2018;961445798,66;Policiamento;554217888,61;57,64421555353745
RN;2018;961445798,66;Defesa Civil;6593125,37;0,6857511238999708
RN;2018;961445798,66;Administração Geral;391229809,21;40,69182160401246
RN;2018;961445798,66;Demais Subfunções;9404975,47;0,9782117185501291
RN;2019;1090534387,19;Policiamento;644534887,91;59,10266521450872
RN;2019;1090534387,19;Defesa Civil;7867419,37;0,7214279038254011
RN;2019;1090534387,19;Administração Geral;422747507,82;38,765169882382274
RN;2019;1090534387,19;Demais Subfunções;15384572,09;1,4107369992835996
RN;2020;1024288412,7;Policiamento;43190052,49;4,216590947871024
RN;2020;1024288412,7;Defesa Civil;6783288,86;0,6622440296985701
RN;2020;1024288412,7;Administração Geral;973191215,47;95,01144437480173
RN;2020;1024288412,7;Demais Subfunções;1123855,88;0,10972064762868325
RN;2021;1186634040,14;Policiamento;40996987,72;3,4548973258143802
RN;2021;1186634040,14;Defesa Civil;12336233,29;1,0395988040714355
RN;2021;1186634040,14;Administração Geral;1131213986,39;95,3296423433579
RN;2021;1186634040,14;Demais Subfunções;2086832,74;0,17586152675628566
RN;2022;1347601639,86;Policiamento;70004094,75;5,194717242795327
RN;2022;1347601639,86;Defesa Civil;12624458,79;0,9368093965299369
RN;2022;1347601639,86;Informação e Inteligência;844178,8;0,06264305229605541
RN;2022;1347601639,86;Administração Geral;1261204199,58;93,58879970723576
RN;2022;1347601639,86;Demais Subfunções;2924707,94;0,2170306011429196
RN;2023;2305933981,19;Policiamento;64250042,0;2,786291477730994
RN;2023;2305933981,19;Defesa Civil;16396583,09;0,7110603869733677
RN;2023;2305933981,19;Informação e Inteligência;5220,0;0,00022637248258539335
RN;2023;2305933981,19;Administração Geral;1440541848,54;62,47107941037384
RN;2023;2305933981,19;Demais Subfunções;784740287,56;34,031342352439204
RN;2024;2377464823,31;Policiamento;91331657,12;3,8415566120908773
RN;2024;2377464823,31;Defesa Civil;20540558,49;0,8639689760541915
RN;2024;2377464823,31;Administração Geral;1506779626,49;63,37757815454036
RN;2024;2377464823,31;Demais Subfunções;758812981,21;31,91689625731458
RO;2015;911162930,16;Policiamento;604245878,84;66,31589794087591
RO;2015;911162930,16;Defesa Civil;51736758,94;5,67810182213131
RO;2015;911162930,16;Administração Geral;222902973,81;24,46356918524531
RO;2015;911162930,16;Demais Subfunções;32277318,57;3,5424310517474753
RO;2016;723414364,18;Policiamento;684515834,42;94,62292543719504
RO;2016;723414364,18;Defesa Civil;368547,79;0,050945600232551916
RO;2016;723414364,18;Administração Geral;37601646,04;5,19780196549207
RO;2016;723414364,18;Demais Subfunções;928335,93;0,12832699708033604
RO;2017;779523753,27;Policiamento;711606262,97;91,28730971761989
RO;2017;779523753,27;Defesa Civil;11047924,71;1,41726594778612
RO;2017;779523753,27;Administração Geral;56645172,93;7,266638468985829
RO;2017;779523753,27;Demais Subfunções;224392,66;0,028785865608161675
RO;2018;815249423,68;Policiamento;752933505,13;92,35621433883281
RO;2018;815249423,68;Defesa Civil;9155840,64;1,1230723229059076
RO;2018;815249423,68;Administração Geral;52851458,26;6,482857481999907
RO;2018;815249423,68;Demais Subfunções;308619,65;0,03785585626137637
RO;2019;813715399,14;Policiamento;770458531,84;94,68402990213565
RO;2019;813715399,14;Defesa Civil;3810760,5;0,46831613412103534
RO;2019;813715399,14;Administração Geral;39390156,8;4,840778095342756
RO;2019;813715399,14;Demais Subfunções;55950,0;0,006875868400565169
RO;2020;971864351,59;Policiamento;455559457,64;46,8747986171826
RO;2020;971864351,59;Defesa Civil;62986910,28;6,481039270238844
RO;2020;971864351,59;Informação e Inteligência;253318110,6;26,065171562838348
RO;2020;971864351,59;Administração Geral;24303304,34;2,5006889387638354
RO;2020;971864351,59;Demais Subfunções;175696568,73;18,078301610976368
RO;2021;1039152456,91;Policiamento;474461797,79;45,65853591886303
RO;2021;1039152456,91;Defesa Civil;66936577,54;6,441458815296562
RO;2021;1039152456,91;Informação e Inteligência;245411567,11;23,616512233416667
RO;2021;1039152456,91;Administração Geral;60910701,62;5,861575095643104
RO;2021;1039152456,91;Demais Subfunções;191431812,85;18,42191793678064
RO;2022;1483588503,9;Policiamento;651147339,39;43,890023256333485
RO;2022;1483588503,9;Defesa Civil;89432342,31;6,028109686405882
RO;2022;1483588503,9;Informação e Inteligência;287078417,93;19,35027247618456
RO;2022;1483588503,9;Administração Geral;217445277,96;14,656710899847786
RO;2022;1483588503,9;Demais Subfunções;238485126,31;16,074883681228286
RO;2023;1558579692,49;Policiamento;660288404,06;42,36475088451317
RO;2023;1558579692,49;Defesa Civil;96771696,37;6,208966845666822
RO;2023;1558579692,49;Informação e Inteligência;283677863,36;18,201049630435893
RO;2023;1558579692,49;Administração Geral;257867562,04;16,545035411569405
RO;2023;1558579692,49;Demais Subfunções;259974166,66;16,68019722781471
RO;2024;1807641550,45;Policiamento;804554654,62;44,508528497793804
RO;2024;1807641550,45;Defesa Civil;123438287,33;6,828692740508807
RO;2024;1807641550,45;Informação e Inteligência;314164237,9;17,379786264693404
RO;2024;1807641550,45;Administração Geral;208051653,18;11,5095635596674
RO;2024;1807641550,45;Demais Subfunções;357432717,42;19,773428937336586
RR;2015;292047483,8;Policiamento;9841915,63;3,3699710409900137
RR;2015;292047483,8;Defesa Civil;2728337,96;0,9342103977408074
RR;2015;292047483,8;Informação e Inteligência;8796954,11;3,0121656915299195
RR;2015;292047483,8;Administração Geral;267847533,92;91,71369341549519
RR;2015;292047483,8;Demais Subfunções;2832742,18;0,9699594542440636
RR;2016;337494547,83;Policiamento;5624597,34;1,6665742828038739
RR;2016;337494547,83;Defesa Civil;10458650,25;3,0989093949061797
RR;2016;337494547,83;Informação e Inteligência;7635971,17;2,262546526780139
RR;2016;337494547,83;Administração Geral;310622825,59;92,0378796004919
RR;2016;337494547,83;Demais Subfunções;3152503,48;0,934090195017892
RR;2017;383725591,56;Policiamento;15377785,05;4,00749530086932
RR;2017;383725591,56;Defesa Civil;1555084,14;0,4052594286656652
RR;2017;383725591,56;Informação e Inteligência;6947858,76;1,8106321060719819
RR;2017;383725591,56;Administração Geral;356237039,66;92,83640379880637
RR;2017;383725591,56;Demais Subfunções;3607823,95;0,9402093655866772
RR;2018;358722520,14;Policiamento;4133796,92;1,1523661571029016
RR;2018;358722520,14;Defesa Civil;1726171,74;0,48119971373035636
RR;2018;358722520,14;Informação e Inteligência;6882537,87;1,918624419597054
RR;2018;358722520,14;Administração Geral;343119456,42;95,65038076954005
RR;2018;358722520,14;Demais Subfunções;2860557,19;0,7974289400296362
RR;2019;250575691,39;Policiamento;8381378,13;3,344848849266504
RR;2019;250575691,39;Defesa Civil;1318057,26;0,5260116225514289
RR;2019;250575691,39;Informação e Inteligência;8294012,46;3,3099828694440543
RR;2019;250575691,39;Administração Geral;229875776,42;91,73905702697141
RR;2019;250575691,39;Demais Subfunções;2706467,12;1,0800996317665992
RR;2020;378939248,6;Policiamento;7180952,58;1,89501420254835
RR;2020;378939248,6;Defesa Civil;1411586,29;0,37250991952275697
RR;2020;378939248,6;Informação e Inteligência;7367413,16;1,9442201321766173
RR;2020;378939248,6;Administração Geral;359236319,14;94,80050442576403
RR;2020;378939248,6;Demais Subfunções;3742977,43;0,9877513199882351
RR;2021;477594797,33;Policiamento;30105691,89;6,30360549535009
RR;2021;477594797,33;Defesa Civil;3438980,58;0,7200624042024047
RR;2021;477594797,33;Informação e Inteligência;10075036,32;2,10953644728222
RR;2021;477594797,33;Administração Geral;423762350,64;88,7284269026901
RR;2021;477594797,33;Demais Subfunções;10212737,9;2,1383687504751827
RR;2022;588909722,01;Policiamento;25394756,66;4,312164617239717
RR;2022;588909722,01;Defesa Civil;4731203,68;0,8033835243629517
RR;2022;588909722,01;Informação e Inteligência;21807911,13;3,7030991873538284
RR;2022;588909722,01;Administração Geral;527661295,01;89,59969164867006
RR;2022;588909722,01;Demais Subfunções;9314555,53;1,5816610223734484
RR;2023;705746482,86;Policiamento;43192003,77;6,120045203054603
RR;2023;705746482,86;Defesa Civil;5131019,95;0,7270344344057962
RR;2023;705746482,86;Informação e Inteligência;27124208,58;3,8433359908618443
RR;2023;705746482,86;Administração Geral;610688408,29;86,53084685809807
RR;2023;705746482,86;Demais Subfunções;19610842,27;2,778737513579679
RR;2024;766040281,38;Policiamento;30744684,79;4,013455367466358
RR;2024;766040281,38;Defesa Civil;10492823,24;1,369748235836564
RR;2024;766040281,38;Informação e Inteligência;29573464,39;3,8605625720783556
RR;2024;766040281,38;Administração Geral;688385229,44;89,86279784137375
RR;2024;766040281,38;Demais Subfunções;6844079,52;0,8934359832449781
RS;2015;3005605326,03;Policiamento;202929185,59;6,751691043149771
RS;2015;3005605326,03;Defesa Civil;7871653,62;0,261899110699188
RS;2015;3005605326,03;Informação e Inteligência;30616785,6;1,0186562199249445
RS;2015;3005605326,03;Administração Geral;2630188680,33;87,50944967894786
RS;2015;3005605326,03;Demais Subfunções;133999020,89;4,458303947278223
RS;2016;3278888397,51;Policiamento;202885495,85;6,187630417798665
RS;2016;3278888397,51;Defesa Civil;8705748,71;0,26550914988784546
RS;2016;3278888397,51;Informação e Inteligência;29759306,3;0,9076035135138886
RS;2016;3278888397,51;Administração Geral;2839885055,3;86,61121425958319
RS;2016;3278888397,51;Demais Subfunções;197652791,35;6,028042659216405
RS;2017;3709976464,17;Policiamento;241776611,38;6,5169311373001
RS;2017;3709976464,17;Defesa Civil;9994901,64;0,26940606595562516
RS;2017;3709976464,17;Informação e Inteligência;39485101,93;1,0642952134962842
RS;2017;3709976464,17;Administração Geral;3229213085,85;87,04133616579271
RS;2017;3709976464,17;Demais Subfunções;189506763,37;5,108031417455276
RS;2018;4344391578,55;Policiamento;3078823032,43;70,86891171669197
RS;2018;4344391578,55;Defesa Civil;345843042,05;7,960678401034693
RS;2018;4344391578,55;Informação e Inteligência;37401494,72;0,8609144466780146
RS;2018;4344391578,55;Administração Geral;74476609,25;1,7143162144434867
RS;2018;4344391578,55;Demais Subfunções;807847400,1;18,595179221151838
RS;2019;4757558851,85;Policiamento;3350959100,39;70,43442245778972
RS;2019;4757558851,85;Defesa Civil;400247824,14;8,41288224914678
RS;2019;4757558851,85;Informação e Inteligência;29746627,63;0,6252498089105692
RS;2019;4757558851,85;Administração Geral;76166133,69;1,6009499001863616
RS;2019;4757558851,85;Demais Subfunções;900439166,0;18,92649558396655
RS;2020;5290862234,18;Policiamento;2839615404,74;53,670182270018884
RS;2020;5290862234,18;Defesa Civil;361752255,66;6,837302497181083
RS;2020;5290862234,18;Informação e Inteligência;22186358,24;0,4193335085663694
RS;2020;5290862234,18;Administração Geral;1010056950,56;19,090592532060942
RS;2020;5290862234,18;Demais Subfunções;1057251264,98;19,982589192172703
RS;2021;5513399328,83;Policiamento;2803232698,53;50,843998980296526
RS;2021;5513399328,83;Defesa Civil;421474733,89;7,64455300174024
RS;2021;5513399328,83;Informação e Inteligência;31024287,07;0,5627070563848252
RS;2021;5513399328,83;Administração Geral;1091260575,25;19,79288112768673
RS;2021;5513399328,83;Demais Subfunções;1166407034,09;21,15585983389169
RS;2022;6486335959,62;Policiamento;3244336905,29;50,0180213526909
RS;2022;6486335959,62;Defesa Civil;476199237,44;7,341575280782989
RS;2022;6486335959,62;Informação e Inteligência;36657093,22;0,565143301984431
RS;2022;6486335959,62;Administração Geral;1196384147,53;18,444683639237365
RS;2022;6486335959,62;Demais Subfunções;1532758576,14;23,630576425304316
RS;2023;6278051714,42;Policiamento;3185837462,8;50,74563905681884
RS;2023;6278051714,42;Defesa Civil;375703424,32;5,9843951819805845
RS;2023;6278051714,42;Informação e Inteligência;30055074,77;0,4787325134797277
RS;2023;6278051714,42;Administração Geral;2141189512,67;34,10595531973592
RS;2023;6278051714,42;Demais Subfunções;545266239,86;8,685277927984934
RS;2024;6276660596,44;Policiamento;3201713918,73;51,00983029966524
RS;2024;6276660596,44;Defesa Civil;423841143,94;6,752653539692659
RS;2024;6276660596,44;Informação e Inteligência;30229594,1;0,48161906535372717
RS;2024;6276660596,44;Administração Geral;2207101981,17;35,163634344380924
RS;2024;6276660596,44;Demais Subfunções;413773958,5;6,592262750907459
SC;2015;1985602829,63;Policiamento;50658533,71;2,5512923810367343
SC;2015;1985602829,63;Defesa Civil;3515282,54;0,17703855411281028
SC;2015;1985602829,63;Administração Geral;1913411043,32;96,36423834451058
SC;2015;1985602829,63;Demais Subfunções;18017970,06;0,9074307203398522
SC;2016;2135862573,92;Policiamento;199219967,52;9,327377610927785
SC;2016;2135862573,92;Defesa Civil;33314631,61;1,5597741173420558
SC;2016;2135862573,92;Informação e Inteligência;2929016,72;0,13713507393990734
SC;2016;2135862573,92;Administração Geral;1886042693,09;88,30356016906558
SC;2016;2135862573,92;Demais Subfunções;14356264,98;0,6721530287246712
SC;2017;2195018385,18;Policiamento;198411005,22;9,039150038997489
SC;2017;2195018385,18;Defesa Civil;39708896,58;1,8090461951526533
SC;2017;2195018385,18;Informação e Inteligência;4608544,88;0,20995472799295398
SC;2017;2195018385,18;Administração Geral;1909130141,75;86,97558775087181
SC;2017;2195018385,18;Demais Subfunções;43159796,75;1,966261286985108
SC;2018;2272593168,12;Policiamento;258230993,46;11,362834187943163
SC;2018;2272593168,12;Defesa Civil;38774812,1;1,706192408035637
SC;2018;2272593168,12;Informação e Inteligência;5952924,44;0,2619441316425566
SC;2018;2272593168,12;Administração Geral;1917494350,4;84,37473003521546
SC;2018;2272593168,12;Demais Subfunções;52140087,72;2,2942992371631927
SC;2019;2255215261,78;Policiamento;218501355,79;9,688713955294045
SC;2019;2255215261,78;Defesa Civil;35018200,06;1,5527653015420255
SC;2019;2255215261,78;Informação e Inteligência;5676019,79;0,25168416896576074
SC;2019;2255215261,78;Demais Subfunções;1996019686,14;88,50683657419816
SC;2020;2351318096,13;Policiamento;134950890,14;5,7393719021732394
SC;2020;2351318096,13;Defesa Civil;60747052,94;2,583531893876149
SC;2020;2351318096,13;Informação e Inteligência;42560936,96;1,8100884363562046
SC;2020;2351318096,13;Administração Geral;2044248807,25;86,9405466922829
SC;2020;2351318096,13;Demais Subfunções;68810408,84;2,926461075311505
SC;2021;2498076276,62;Policiamento;158576071,83;6,347927535846103
SC;2021;2498076276,62;Defesa Civil;87546609,8;3,504561114461011
SC;2021;2498076276,62;Informação e Inteligência;60911127,0;2,4383213423096617
SC;2021;2498076276,62;Administração Geral;2098052790,61;83,9867385254045
SC;2021;2498076276,62;Demais Subfunções;92989677,38;3,722451481978719
SC;2022;3182366403,13;Policiamento;286707785,56;9,00926383831887
SC;2022;3182366403,13;Defesa Civil;143017133,88;4,494049891280157
SC;2022;3182366403,13;Informação e Inteligência;84384204,97;2,651618144504176
SC;2022;3182366403,13;Administração Geral;2551471886,79;80,17530238757274
SC;2022;3182366403,13;Demais Subfunções;116785391,93;3,669765738324045
SC;2023;3185564985,86;Policiamento;176025653,22;5,525727900744073
SC;2023;3185564985,86;Defesa Civil;130563797,65;4,098607255841367
SC;2023;3185564985,86;Informação e Inteligência;80632362,77;2,531179339549146
SC;2023;3185564985,86;Administração Geral;2691754352,27;84,49849129489075
SC;2023;3185564985,86;Demais Subfunções;106588819,95;3,3459942089746586
SC;2024;3368498204,53;Policiamento;236326835,32;7,015792230560924
SC;2024;3368498204,53;Defesa Civil;123610031,12;3,6695887488901615
SC;2024;3368498204,53;Informação e Inteligência;82378542,52;2,4455569668767008
SC;2024;3368498204,53;Administração Geral;2830474647,74;84,02779149276496
SC;2024;3368498204,53;Demais Subfunções;95708147,83;2,8412705609072444
SE;2015;784087746,99;Policiamento;405440009,52;51,70849960051357
SE;2015;784087746,99;Defesa Civil;58506856,45;7,461774103038773
SE;2015;784087746,99;Administração Geral;290163335,47;37,00648767741816
SE;2015;784087746,99;Demais Subfunções;29977545,55;3,823238619029501
SE;2016;820592198,04;Policiamento;419830893,26;51,16194064028077
SE;2016;820592198,04;Defesa Civil;57947489,19;7,061667089744293
SE;2016;820592198,04;Administração Geral;314470083,56;38,32233407910991
SE;2016;820592198,04;Demais Subfunções;28343732,03;3,4540581908650294
SE;2017;845584455,32;Policiamento;424130334,52;50,15824638823258
SE;2017;845584455,32;Defesa Civil;56660627,6;6,700765044049627
SE;2017;845584455,32;Administração Geral;335276261,52;39,65023947763079
SE;2017;845584455,32;Demais Subfunções;29517231,68;3,4907490900869984
SE;2018;892986186,11;Policiamento;453472593,33;50,78159106865962
SE;2018;892986186,11;Defesa Civil;62741382,4;7,026019369158683
SE;2018;892986186,11;Administração Geral;352016471,11;39,420147431780975
SE;2018;892986186,11;Demais Subfunções;24755739,27;2,7722421304007194
SE;2019;958348463,78;Policiamento;509506314,16;53,1650368750383
SE;2019;958348463,78;Defesa Civil;73222644,91;7,640503186198992
SE;2019;958348463,78;Informação e Inteligência;1101572,5;0,11494488086881086
SE;2019;958348463,78;Administração Geral;349536988,81;36,47284907530673
SE;2019;958348463,78;Demais Subfunções;24980943,4;2,606665982587171
SE;2020;956459853,46;Policiamento;505408633,67;52,8415941183188
SE;2020;956459853,46;Defesa Civil;74840653,46;7,824756385671956
SE;2020;956459853,46;Informação e Inteligência;1101572,5;0,11517184919106159
SE;2020;956459853,46;Administração Geral;348541838,13;36,44082256763287
SE;2020;956459853,46;Demais Subfunções;26567155,7;2,777655079185303
SE;2021;1504447958,71;Policiamento;962312477,6;63,96449089705582
SE;2021;1504447958,71;Defesa Civil;120337542,73;7,998784008001468
SE;2021;1504447958,71;Informação e Inteligência;6670077,87;0,44335716841407447
SE;2021;1504447958,71;Administração Geral;384646323,09;25,567273421662108
SE;2021;1504447958,71;Demais Subfunções;30481537,42;2,026094504866531
SE;2022;1252127303,32;Policiamento;649038918,2;51,83489861446847
SE;2022;1252127303,32;Defesa Civil;107953347,5;8,621595201523283
SE;2022;1252127303,32;Informação e Inteligência;2985,0;0,0002383942904276035
SE;2022;1252127303,32;Administração Geral;454841240,37;36,32547897997225
SE;2022;1252127303,32;Demais Subfunções;40290812,25;3,217788809745575
SE;2023;1253989287,06;Policiamento;644851725,68;51,42402190626893
SE;2023;1253989287,06;Defesa Civil;108438247,54;8,647462036476835
SE;2023;1253989287,06;Administração Geral;458120893,31;36,5330787142586
SE;2023;1253989287,06;Demais Subfunções;42578420,53;3,395437342995638
SE;2024;1700732452,09;Policiamento;724480851,73;42,598167092048975
SE;2024;1700732452,09;Defesa Civil;127678909,21;7,5072895241751665
SE;2024;1700732452,09;Informação e Inteligência;4315384,12;0,2537368011468765
SE;2024;1700732452,09;Administração Geral;668236150,09;39,2910801030942
SE;2024;1700732452,09;Demais Subfunções;176021156,94;10,349726479534786
SP;2015;11197084726,14;Policiamento;9635039447,19;86,04953595373492
SP;2015;11197084726,14;Defesa Civil;33220579,64;0,2966895442207859
SP;2015;11197084726,14;Informação e Inteligência;327037894,3;2,920741445641813
SP;2015;11197084726,14;Administração Geral;900338171,84;8,040826642475322
SP;2015;11197084726,14;Demais Subfunções;301448633,17;2,692206413927165
SP;2016;10930825568,65;Policiamento;9452720084,34;86,47764091534624
SP;2016;10930825568,65;Defesa Civil;31346079,75;0,2867677244791252
SP;2016;10930825568,65;Informação e Inteligência;291202160,3;2,6640454416835473
SP;2016;10930825568,65;Administração Geral;825324675,73;7,550433135600122
SP;2016;10930825568,65;Demais Subfunções;330232568,53;3,0211127828909725
SP;2017;11473029302,61;Policiamento;9865163716,59;85,98569267443406
SP;2017;11473029302,61;Defesa Civil;36126821,54;0,31488476658716025
SP;2017;11473029302,61;Informação e Inteligência;278564328,96;2,4279928309485737
SP;2017;11473029302,61;Administração Geral;954079353,31;8,315845171710286
SP;2017;11473029302,61;Demais Subfunções;339095082,21;2,955584556319918
SP;2018;11325847798,33;Policiamento;9729842003,62;85,90828851730349
SP;2018;11325847798,33;Defesa Civil;28837254,93;0,2546145369731356
SP;2018;11325847798,33;Informação e Inteligência;242851003,2;2,1442192012840615
SP;2018;11325847798,33;Administração Geral;942177317,09;8,318823754888568
SP;2018;11325847798,33;Demais Subfunções;382140219,49;3,3740539895507577
SP;2019;11800303005,15;Policiamento;10323150356,79;87,48207865751138
SP;2019;11800303005,15;Defesa Civil;35830609,33;0,3036414345831837
SP;2019;11800303005,15;Informação e Inteligência;289202142,33;2,450802680268326
SP;2019;11800303005,15;Administração Geral;779448801,55;6,6053287039309545
SP;2019;11800303005,15;Demais Subfunções;372671095,15;3,1581485237061737
SP;2020;11638997394,66;Policiamento;10044763756,14;86,30265490693006
SP;2020;11638997394,66;Defesa Civil;76788736,49;0,6597538764398285
SP;2020;11638997394,66;Informação e Inteligência;211044975,95;1,8132573519333197
SP;2020;11638997394,66;Administração Geral;1023166293,95;8,790845630908304
SP;2020;11638997394,66;Demais Subfunções;283233632,13;2,43348823378849
SP;2021;12616229094,01;Policiamento;11123186221,79;88,16569625444679
SP;2021;12616229094,01;Defesa Civil;54163331,19;0,4293147404537537
SP;2021;12616229094,01;Informação e Inteligência;189941035,69;1,505529380250246
SP;2021;12616229094,01;Administração Geral;1005600828,21;7,970692516097734
SP;2021;12616229094,01;Demais Subfunções;243337677,13;1,9287671087514822
SP;2022;13914347576,37;Policiamento;12170634133,45;87,46823425712567
SP;2022;13914347576,37;Defesa Civil;58771484,94;0,4223804574194229
SP;2022;13914347576,37;Informação e Inteligência;305992113,93;2,199112191574474
SP;2022;13914347576,37;Administração Geral;1126234319,96;8,094050502753174
SP;2022;13914347576,37;Demais Subfunções;252715524,09;1,8162225911272576
SP;2023;15168498886,5;Policiamento;13351629818,52;88,02209050760443
SP;2023;15168498886,5;Defesa Civil;81410876,66;0,5367101732951035
SP;2023;15168498886,5;Informação e Inteligência;246929288,49;1,627908538199305
SP;2023;15168498886,5;Administração Geral;1244085904,91;8,201773387195482
SP;2023;15168498886,5;Demais Subfunções;244442997,92;1,6115173937056808
SP;2024;16336935192,76;Policiamento;14374782714,23;87,98947014615347
SP;2024;16336935192,76;Defesa Civil;35583338,03;0,21780913990385042
SP;2024;16336935192,76;Informação e Inteligência;1186525989,49;7,262843216858875
SP;2024;16336935192,76;Administração Geral;498664658,91;3,0523758160648886
SP;2024;16336935192,76;Demais Subfunções;241378492,1;1,4775016810189165
TO;2015;629948561,89;Policiamento;19529385,9;3,1001556446778857
TO;2015;629948561,89;Defesa Civil;1742706,52;0,27664266980330166
TO;2015;629948561,89;Informação e Inteligência;48316,21;0,007669865910168846
TO;2015;629948561,89;Administração Geral;607975335,39;96,5119014742926
TO;2015;629948561,89;Demais Subfunções;652817,87;0,10363034531603445
TO;2016;728928896,44;Policiamento;17190174,98;2,3582787105785927
TO;2016;728928896,44;Defesa Civil;2588896,1;0,355164421748658
TO;2016;728928896,44;Administração Geral;478540184,97;65,64977562381351
TO;2016;728928896,44;Demais Subfunções;230609640,39;31,636781243859225
TO;2017;797250754,8;Policiamento;19649542,55;2,4646627716181126
TO;2017;797250754,8;Defesa Civil;7373484,99;0,9248639710412978
TO;2017;797250754,8;Administração Geral;543227039,68;68,13753846069108
TO;2017;797250754,8;Demais Subfunções;227000687,58;28,472934796649508
TO;2018;869454361,74;Policiamento;29269822,45;3,3664587513740933
TO;2018;869454361,74;Defesa Civil;3214928,83;0,36976395443759774
TO;2018;869454361,74;Administração Geral;541956156,41;62,332904435076664
TO;2018;869454361,74;Demais Subfunções;295013454,05;33,930872859111645
TO;2019;1070221091,23;Policiamento;22321855,53;2,085723754924844
TO;2019;1070221091,23;Defesa Civil;2906315,79;0,271562185964751
TO;2019;1070221091,23;Administração Geral;661025470,2;61,76531892492294
TO;2019;1070221091,23;Demais Subfunções;383967449,71;35,87739513418746
TO;2020;1044000277,1;Administração Geral;983910526,19;94,24427826045067
TO;2020;1044000277,1;Demais Subfunções;60089750,91;5,755721739549335
TO;2021;1022460831,98;Policiamento;37426953,45;3,6604779644734693
TO;2021;1022460831,98;Defesa Civil;3963087,23;0,38760284071962575
TO;2021;1022460831,98;Administração Geral;971513075,35;95,01714344095319
TO;2021;1022460831,98;Demais Subfunções;9557715,95;0,9347757538537138
TO;2022;1121375003,03;Policiamento;52668524,17;4,696780651226177
TO;2022;1121375003,03;Defesa Civil;12960229,16;1,155744432057157
TO;2022;1121375003,03;Administração Geral;1048675534,65;93,51693517480209
TO;2022;1121375003,03;Demais Subfunções;7070715,05;0,6305397419145822
TO;2023;1264758059,02;Policiamento;60866368,9;4,812491089968813
TO;2023;1264758059,02;Defesa Civil;3641175,28;0,2878950052171536
TO;2023;1264758059,02;Administração Geral;1189013296,47;94,0111263170214
TO;2023;1264758059,02;Demais Subfunções;11237218,37;0,8884875877926548
TO;2024;1413511634,15;Policiamento;66466085,71;4,702195871912202
TO;2024;1413511634,15;Defesa Civil;2410086,48;0,1705034767152291
TO;2024;1413511634,15;Informação e Inteligência;32170,24;0,002275909106283743
TO;2024;1413511634,15;Administração Geral;1324989617,93;93,73743985678394
TO;2024;1413511634,15;Demais Subfunções;19613673,79;1,3875848854823518
