UF;Ano;Modelo de Gestão;SSP (R$ Mi);SAP (R$ Mi);SSP + SAP (R$ Mi);Orçamento Total Estado (R$ Mi);SSP (%);SAP (%);SSP + SAP (%)
AC;2015;SAP Separada;422,78966435;34,45186831;457,24153266;4813,59006985;8,78;0,72;9,5
AC;2016;SAP Separada;434,11422337;47,747167759999996;481,86139113;4914,85055991;8,83;0,97;9,8
AC;2017;SAP Separada;506,39323463;65,76458889999999;572,15782353;5353,609717310001;9,46;1,23;10,69
AC;2018;SAP Separada;579,81987747;89,26969577;669,08957324;5829,77518723;9,95;1,53;11,48
AC;2019;SAP Separada;660,17800942;51,9834604;712,16146982;5900,1388575500005;11,19;0,88;12,07
AC;2020;SAP Separada;481,23971907;52,40106141;533,64078048;6076,62889989;7,92;0,86;8,78
AC;2021;SAP Separada;542,44017663;40,99193927;583,4321159;7093,1942870600005;7,65;0,58;8,23
AC;2022;SAP Separada;929,9073624;20,36133826;950,2687006599999;8923,970953170001;10,42;0,23;10,65
AC;2023;SAP Separada;1020,4739392;22,70834996;1043,18228916;9442,04588448;10,81;0,24;11,05
AC;2024;SAP Separada;1091,2025436400002;0,64919802;1091,85174166;10836,35909448;10,07;0,01;10,08
AC;2025;SAP Separada;1217,4350529100002;0,37206187;1217,80711478;12095,627923790002;10,07;0,0;10,07
AL;2015;SAP Separada;1047,59186709;2,7021682;1050,29403529;7666,52931862;13,66;0,04;13,7
AL;2016;SAP Separada;1032,40670697;3,17881788;1035,58552485;8371,5040126;12,33;0,04;12,37
AL;2017;SAP Separada;1121,3060094;5,70721397;1127,0132233699999;8825,725557700001;12,7;0,06;12,77
AL;2018;SAP Separada;1152,6174613599999;1,3952562800000001;1154,0127176400001;8468,26533755;13,61;0,02;13,63
AL;2019;SAP Separada;1115,83376444;80,27426682;1196,10803126;8522,68658205;13,09;0,94;14,03
AL;2020;SAP Separada;1325,16779536;114,83998670999999;1440,0077820699998;9376,90198436;14,13;1,22;15,36
AL;2021;SAP Separada;1320,46762305;202,80304693;1523,27066998;11999,711154030001;11,0;1,69;12,69
AL;2022;SAP Separada;1583,07210053;183,25881288;1766,3309134099998;15165,90144022;10,44;1,21;11,65
AL;2023;SAP Separada;1794,41808974;321,80582337;2116,22391311;16181,34907233;11,09;1,99;13,08
AL;2024;SAP Separada;2012,60238104;99,98525515;2112,58763619;17478,39556343;11,51;0,57;12,09
AL;2025;SAP Separada;2491,36046239;103,63317731000001;2594,9936396999997;19107,33486417;13,04;0,54;13,58
AM;2015;SAP Separada;1354,12910493;239,12468606000002;1593,25379099;13736,18408977;9,86;1,74;11,6
AM;2016;SAP Separada;1392,57212373;381,10095478;1773,67307851;13937,145191149999;9,99;2,73;12,73
AM;2017;SAP Separada;1411,4275396300002;226,43139469;1637,8589343200001;14063,98294216;10,04;1,61;11,65
AM;2018;SAP Separada;1715,17765549;272,56633408;1987,74398957;16325,425245440001;10,51;1,67;12,18
AM;2019;SAP Separada;2011,38125193;263,91451842;2275,29577035;17540,821158119998;11,47;1,5;12,97
AM;2020;SAP Separada;2068,37532294;393,39396228;2461,7692852200003;18533,793251130002;11,16;2,12;13,28
AM;2021;SAP Separada;2276,42210483;447,93947683;2724,36158166;22588,21678677;10,08;1,98;12,06
AM;2022;SAP Separada;2601,26175058;356,62124264;2957,8829932199997;27275,71525515;9,54;1,31;10,84
AM;2023;SAP Separada;2641,79584198;436,11078289;3077,90662487;28410,37579907;9,3;1,54;10,83
AM;2024;SAP Separada;2964,40751378;586,89786381;3551,3053775900003;32897,25735741;9,01;1,78;10,8
AM;2025;SAP Separada;3308,8537201500003;504,98431057;3813,83803072;34908,824546519994;9,48;1,45;10,93
AM;2026;SAP Separada;1126,61733566;210,05888213;1336,67621779;11016,8223953;10,23;1,91;12,13
AP;2015;SAP Separada;450,49231538;10,99752392;461,4898393;3561,3719624;12,65;0,31;12,96
AP;2016;SAP Separada;406,22831998000004;11,48179315;417,71011312999997;3788,53577928;10,72;0,3;11,03
AP;2017;SAP Separada;447,68664935000004;13,68314223;461,36979157999997;3834,62168466;11,67;0,36;12,03
AP;2018;SAP Separada;450,85869802999997;16,77561918;467,63431721;4200,92913316;10,73;0,4;11,13
AP;2019;SAP Separada;552,21523177;17,588555489999997;569,80378726;4753,88522513;11,62;0,37;11,99
AP;2020;SAP Separada;722,54898565;15,663975970000001;738,21296162;4755,0844421599995;15,2;0,33;15,52
AP;2021;SAP Separada;720,58307655;16,86622682;737,44930337;5294,721112939999;13,61;0,32;13,93
AP;2022;SAP Separada;878,49207871;27,02668621;905,51876492;6745,51276393;13,02;0,4;13,42
AP;2023;SAP Separada;930,1401682000001;24,80611298;954,9462811799999;7996,82203559;11,63;0,31;11,94
AP;2024;SAP Separada;1048,09106213;38,046885859999996;1086,13794799;9299,45204183;11,27;0,41;11,68
AP;2025;SAP Separada;1117,2752444300002;51,82831526;1169,10355969;10630,59194868;10,51;0,49;11,0
BA;2015;SAP Separada;3710,9671275;255,41878911;3966,38591661;36332,51508693;10,21;0,7;10,92
BA;2016;SAP Separada;4114,98518362;324,2986705;4439,28385412;39160,11418774;10,51;0,83;11,34
BA;2017;SAP Separada;4059,8688168099998;345,5082708;4405,37708761;40394,55415128;10,05;0,86;10,91
BA;2018;SAP Separada;4292,02877243;381,97138314999995;4674,00015558;43098,49648977;9,96;0,89;10,84
BA;2019;SAP Separada;4506,1079945500005;429,50024501999997;4935,60823957;45135,20904518;9,98;0,95;10,94
BA;2020;SAP Separada;4301,27430775;440,84963567;4742,12394342;45775,35532447;9,4;0,96;10,36
BA;2021;SAP Separada;4319,232567;490,63368206;4809,86624906;51900,30946592;8,32;0,95;9,27
BA;2022;SAP Separada;5151,760218529999;490,37293951;5642,13315804;66945,1207558;7,7;0,73;8,43
BA;2023;SAP Separada;5855,7421558999995;559,1441810599999;6414,886336959999;72501,79147607001;8,08;0,77;8,85
BA;2024;SAP Separada;6454,22881316;604,64805;7058,87686316;69740,35956872;9,25;0,87;10,12
BA;2025;SAP Separada;7393,96801622;709,89701223;8103,865028450001;75791,29483279;9,76;0,94;10,69
CE;2015;SAP Separada;1753,46966747;146,44333871999999;1899,91300619;20155,36464263;8,7;0,73;9,43
CE;2016;SAP Separada;1878,6990396800002;3,42548996;1882,12452964;21686,240485169998;8,66;0,02;8,68
CE;2017;SAP Separada;2048,5991298;3,7494958599999997;2052,34862566;22651,23280172;9,04;0,02;9,06
CE;2018;SAP Separada;2533,49959296;4,78249083;2538,28208379;24792,00721124;10,22;0,02;10,24
CE;2019;SAP Separada;2698,88955746;11,00147841;2709,89103587;25316,75298595;10,66;0,04;10,7
CE;2020;SSP Integrada (Tudo na SSP);2972,4285965;0,0;2972,4285965;25740,89809923;11,55;0,0;11,55
CE;2021;SSP Integrada (Tudo na SSP);3186,39388775;0,0;3186,39388775;29364,54141243;10,85;0,0;10,85
CE;2022;SSP Integrada (Tudo na SSP);4076,36955438;0,0;4076,36955438;31073,19248222;13,12;0,0;13,12
CE;2023;SSP Integrada (Tudo na SSP);4470,80365235;0,0;4470,80365235;34059,8237055;13,13;0,0;13,13
CE;2024;SAP Separada;4685,75957795;2,35206768;4688,111645630001;38688,91348661;12,11;0,01;12,12
CE;2025;SSP Integrada (Tudo na SSP);5225,61014755;0,0;5225,61014755;45657,72058922;11,45;0,0;11,45
DF;2015;SAP Separada;604,95831963;8,25539257;613,2137122;26650,196732200002;2,27;0,03;2,3
DF;2016;SAP Separada;708,56457841;88,98316769;797,5477460999999;25393,61038357;2,79;0,35;3,14
DF;2017;SAP Separada;745,50963519;24,97444496;770,4840801500001;19028,512282580003;3,92;0,13;4,05
DF;2018;SAP Separada;789,05863423;66,604394;855,66302823;21831,49107882;3,61;0,31;3,92
DF;2019;SAP Separada;825,27674829;105,74696813;931,0237164199999;21902,12005643;3,77;0,48;4,25
DF;2020;SAP Separada;893,25450476;22,22488418;915,47938894;22267,969385580003;4,01;0,1;4,11
DF;2021;SAP Separada;903,56152099;31,642124690000003;935,2036456799999;25366,53726259;3,56;0,12;3,69
DF;2022;SAP Separada;1044,98339847;36,86889096;1081,8522894300002;29714,588540560002;3,52;0,12;3,64
DF;2023;SAP Separada;1186,51944038;40,632486869999994;1227,15192725;29060,115830709998;4,08;0,14;4,22
DF;2024;SAP Separada;1384,0001892799999;50,07099646;1434,07118574;35303,270142739995;3,92;0,14;4,06
DF;2025;SAP Separada;1594,48329107;60,00594405;1654,4892351199999;38739,291802650005;4,12;0,15;4,27
ES;2015;SAP Separada;1218,4668278;144,30291556;1362,76974336;11887,08424121;10,25;1,21;11,46
ES;2016;SAP Separada;1275,24331039;166,24058989;1441,4839002800002;11609,789087;10,98;1,43;12,42
ES;2017;SAP Separada;1294,2995985;169,28547774;1463,58507624;11676,82308408;11,08;1,45;12,53
ES;2018;SAP Separada;1357,88046651;186,99236819;1544,8728347;13058,24134723;10,4;1,43;11,83
ES;2019;SAP Separada;1311,5803215199999;196,45201193;1508,0323334500001;13588,9419345;9,65;1,45;11,1
ES;2020;SAP Separada;1325,08621125;191,94290741;1517,02911866;14594,54126041;9,08;1,32;10,39
ES;2021;SAP Separada;1484,56062578;211,97198117;1696,53260695;17399,97775605;8,53;1,22;9,75
ES;2022;SAP Separada;2028,0068736300002;297,10129137;2325,108165;21097,527601439997;9,61;1,41;11,02
ES;2023;SAP Separada;2023,7525201300002;309,54949564;2333,30201577;23287,21195965;8,69;1,33;10,02
ES;2024;SAP Separada;2350,0293201100003;322,73633344999996;2672,76565356;26065,94526182;9,02;1,24;10,25
ES;2025;SAP Separada;2805,7181345999998;378,87477362;3184,5929082199996;28869,52032034;9,72;1,31;11,03
GO;2015;SAP Separada;2431,19810405;34,397094009999996;2465,5951980600003;19557,08334628;12,43;0,18;12,61
GO;2016;SAP Separada;2467,43148436;111,34350478;2578,7749891400003;19513,84936045;12,64;0,57;13,22
GO;2017;SAP Separada;2768,7976369000003;115,31337445;2884,11101135;22158,92197988;12,5;0,52;13,02
GO;2018;SAP Separada;2807,53526045;127,84365875;2935,3789192;23438,90873619;11,98;0,55;12,52
GO;2019;SAP Separada;3643,7208596799996;111,29162554000001;3755,0124852199997;26730,01731836;13,63;0,42;14,05
GO;2020;SAP Separada;3135,24019999;104,09698843000001;3239,33718842;26821,0921603;11,69;0,39;12,08
GO;2021;SAP Separada;3179,19313986;103,87402375;3283,06716361;29224,680242150003;10,88;0,36;11,23
GO;2022;SAP Separada;3451,97483587;110,18099755;3562,15583342;35728,96836546;9,66;0,31;9,97
GO;2023;SAP Separada;3774,32803357;176,17317618;3950,50120975;36457,95357728;10,35;0,48;10,84
GO;2024;SAP Separada;4229,186399300001;100,08824376999999;4329,274643070001;40503,6938491;10,44;0,25;10,69
GO;2025;SAP Separada;4914,7585167;297,94444983;5212,70296653;50643,28762428;9,7;0,59;10,29
MA;2015;SAP Separada;1127,44476017;154,92582687;1282,37058704;13339,14259379;8,45;1,16;9,61
MA;2016;SAP Separada;1361,9293817100001;143,33428499000001;1505,2636667000002;14947,160549;9,11;0,96;10,07
MA;2017;SAP Separada;1557,09225782;112,85710535;1669,9493631699997;15902,54808952;9,79;0,71;10,5
MA;2018;SAP Separada;1816,73355705;168,44938428999998;1985,1829413399998;17237,62616637;10,54;0,98;11,52
MA;2019;SAP Separada;1911,95000878;198,57853439;2110,52854317;15373,81350741;12,44;1,29;13,73
MA;2020;SAP Separada;1882,7399389500001;195,26912224;2078,00906119;16028,58511538;11,75;1,22;12,96
MA;2021;SAP Separada;1897,05009654;247,25299388;2144,30309042;19195,79205593;9,88;1,29;11,17
MA;2022;SAP Separada;2046,61932798;267,98876879;2314,60809677;22402,25680906;9,14;1,2;10,33
MA;2023;SAP Separada;2096,7349873099997;268,32888667;2365,06387398;22859,43731418;9,17;1,17;10,35
MA;2024;SAP Separada;2207,08868829;316,52816377;2523,61685206;27623,34940913;7,99;1,15;9,14
MA;2025;SAP Separada;2357,73261113;371,82250376;2729,5551148900004;33007,92057248;7,14;1,13;8,27
MG;2015;SAP Separada;12788,75710071;2,85751102;12791,61461173;69689,84083286999;18,35;0,0;18,36
MG;2016;SSP Integrada (Tudo na SSP);13476,35544741;0,0;13476,35544741;69819,75200696;19,3;0,0;19,3
MG;2017;SSP Integrada (Tudo na SSP);14061,12169667;0,0;14061,12169667;75161,71309514;18,71;0,0;18,71
MG;2018;SSP Integrada (Tudo na SSP);14276,77388262;0,0;14276,77388262;80355,69109847001;17,77;0,0;17,77
MG;2019;SSP Integrada (Tudo na SSP);14395,52089866;0,0;14395,52089866;86107,52521666;16,72;0,0;16,72
MG;2020;SSP Integrada (Tudo na SSP);14993,280866469999;0,0;14993,280866469999;90452,28306764;16,58;0,0;16,58
MG;2021;SSP Integrada (Tudo na SSP);15913,135742780001;0,0;15913,135742780001;103870,44905022999;15,32;0,0;15,32
MG;2022;SSP Integrada (Tudo na SSP);18698,23783666;0,0;18698,23783666;92410,07962641;20,23;0,0;20,23
MG;2023;SSP Integrada (Tudo na SSP);18922,94003875;0,0;18922,94003875;95000,34775803;19,92;0,0;19,92
MG;2024;SSP Integrada (Tudo na SSP);19859,71129989;0,0;19859,71129989;102735,41695283;19,33;0,0;19,33
MG;2025;SSP Integrada (Tudo na SSP);21026,22514075;0,0;21026,22514075;113093,24966793;18,59;0,0;18,59
MS;2015;SAP Separada;1057,12336222;146,76610755000002;1203,88946977;11637,592244020001;9,08;1,26;10,34
MS;2016;SAP Separada;1213,70954504;229,00020172;1442,70974676;10741,48454427;11,3;2,13;13,43
MS;2017;SAP Separada;1235,2684488099999;219,95476134999998;1455,2232101599998;11727,15047734;10,53;1,88;12,41
MS;2018;SAP Separada;1116,19401079;217,7606528;1333,9546635899999;11982,211348120001;9,32;1,82;11,13
MS;2019;SAP Separada;1198,52617696;229,58244578;1428,10862274;12394,592566309999;9,67;1,85;11,52
MS;2020;SAP Separada;1239,09857862;295,06289931;1534,1614779299998;13019,44968736;9,52;2,27;11,78
MS;2021;SAP Separada;1404,7336135599999;325,86770133;1730,6013148900001;15504,036099629999;9,06;2,1;11,16
MS;2022;SAP Separada;1954,1037964700001;265,24376731;2219,34756378;20120,65559472;9,71;1,32;11,03
MS;2023;SAP Separada;2096,09710592;219,77554127000002;2315,87264719;21581,30700998;9,71;1,02;10,73
MS;2024;SAP Separada;1842,2932187200001;479,38915542;2321,68237414;22388,73240322;8,23;2,14;10,37
MS;2025;SAP Separada;2005,27395155;460,49446432999997;2465,7684158800002;23758,057458810003;8,44;1,94;10,38
MT;2015;SAP Separada;1376,02507124;10,872000369999999;1386,8970716099998;12294,955076940001;11,19;0,09;11,28
MT;2016;SAP Separada;1759,67324681;71,42604440000001;1831,09929121;14222,940083309999;12,37;0,5;12,87
MT;2017;SAP Separada;1852,4162159;83,52204153;1935,93825743;15760,33490649;11,75;0,53;12,28
MT;2018;SAP Separada;2004,7447553900001;82,39033562;2087,13509101;16415,49241989;12,21;0,5;12,71
MT;2019;SAP Separada;2367,5022019000003;87,48107384000001;2454,98327574;17715,79920753;13,36;0,49;13,86
MT;2020;SAP Separada;2473,06394407;100,62382054999999;2573,6877646200005;17122,880512440002;14,44;0,59;15,03
MT;2021;SAP Separada;2746,53761383;91,22866441;2837,76627824;20792,62070821;13,21;0,44;13,65
MT;2022;SAP Separada;3220,1509973800003;111,59031449;3331,7413118699997;26603,07757577;12,1;0,42;12,52
MT;2023;SAP Separada;3520,21391288;132,66345616;3652,87736904;31159,18415296;11,3;0,43;11,72
MT;2024;SAP Separada;3892,12307194;156,32390071;4048,44697265;33176,046140880004;11,73;0,47;12,2
MT;2025;SAP Separada;3688,7304818000002;197,50939274;3886,23987454;36244,98689011;10,18;0,54;10,72
PA;2015;SSP Integrada (Tudo na SSP);2124,72929229;0,0;2124,72929229;19926,025919080002;10,66;0,0;10,66
PA;2016;SSP Integrada (Tudo na SSP);2220,3481913699998;0,0;2220,3481913699998;20519,44114752;10,82;0,0;10,82
PA;2017;SSP Integrada (Tudo na SSP);2323,45189621;0,0;2323,45189621;21382,95292874;10,87;0,0;10,87
PA;2018;SSP Integrada (Tudo na SSP);2711,13196052;0,0;2711,13196052;24059,931246490003;11,27;0,0;11,27
PA;2019;SSP Integrada (Tudo na SSP);2832,03319654;0,0;2832,03319654;24689,072518790003;11,47;0,0;11,47
PA;2020;SSP Integrada (Tudo na SSP);2952,59868752;0,0;2952,59868752;28554,000658669996;10,34;0,0;10,34
PA;2021;SSP Integrada (Tudo na SSP);3229,2694127600003;0,0;3229,2694127600003;33246,72254188;9,71;0,0;9,71
PA;2022;SSP Integrada (Tudo na SSP);4056,23117834;0,0;4056,23117834;35643,76950182;11,38;0,0;11,38
PA;2023;SSP Integrada (Tudo na SSP);4718,83896313;0,0;4718,83896313;40325,24263809;11,7;0,0;11,7
PA;2024;SSP Integrada (Tudo na SSP);5289,023439279999;0,0;5289,023439279999;44658,993520480006;11,84;0,0;11,84
PA;2025;SSP Integrada (Tudo na SSP);5481,47286504;0,0;5481,47286504;48726,77434687;11,25;0,0;11,25
PB;2015;SAP Separada;909,97681261;1,98500313;911,96181574;8814,52486559;10,32;0,02;10,35
PB;2016;SAP Separada;1082,05643096;2,4262633399999998;1084,4826943;9009,48074148;12,01;0,03;12,04
PB;2017;SAP Separada;1152,5157734000002;3,21032788;1155,7261012800002;9267,79004871;12,44;0,03;12,47
PB;2018;SAP Separada;1263,483457;16,78019364;1280,2636506400002;9892,19836308;12,77;0,17;12,94
PB;2019;SAP Separada;1330,36629834;13,61787183;1343,9841701699997;9988,52102574;13,32;0,14;13,46
PB;2020;SAP Separada;1398,73505695;16,58635075;1415,3214077;10202,05831397;13,71;0,16;13,87
PB;2021;SAP Separada;1433,3808302999998;7,81499571;1441,19582601;11607,78189416;12,35;0,07;12,42
PB;2022;SAP Separada;1756,6222023399998;11,49009169;1768,11229403;14715,967210840001;11,94;0,08;12,01
PB;2023;SAP Separada;1866,1615211300002;22,10713532;1888,26865645;16518,42096293;11,3;0,13;11,43
PB;2024;SAP Separada;2074,31564691;36,703319369999996;2111,01896628;18880,4691638;10,99;0,19;11,18
PB;2025;SAP Separada;2366,33246724;34,79439296;2401,1268602;22564,333416470003;10,49;0,15;10,64
PE;2015;SAP Separada;2133,61729492;113,4247263;2247,04202122;25243,857599889998;8,45;0,45;8,9
PE;2016;SAP Separada;2314,70899881;133,48649205;2448,19549086;26241,39461698;8,82;0,51;9,33
PE;2017;SAP Separada;2529,88033852;174,3261294;2704,2064679200003;28691,23275221;8,82;0,61;9,43
PE;2018;SAP Separada;2775,1753973;157,0667741;2932,2421714;29920,42347624;9,28;0,52;9,8
PE;2019;SAP Separada;2892,25283504;144,39432319;3036,64715823;31754,22558536;9,11;0,45;9,56
PE;2020;SAP Separada;2880,15133577;128,62117711;3008,7725128800002;32782,01000117;8,79;0,39;9,18
PE;2021;SAP Separada;2884,59818552;125,25280954;3009,85099506;37492,42302528;7,69;0,33;8,03
PE;2022;SAP Separada;3320,67100589;164,97914566;3485,6501515500004;46339,93444872;7,17;0,36;7,52
PE;2023;SAP Separada;3396,4046435500004;108,68174179;3505,08638534;46237,59488706;7,35;0,24;7,58
PE;2024;SAP Separada;3695,93433187;198,70278982;3894,63712169;46173,59208362;8,0;0,43;8,43
PE;2025;SAP Separada;4042,8543061799996;262,9646332;4305,81893938;52495,420632580004;7,7;0,5;8,2
PI;2015;SAP Separada;225,75974907;34,211268200000006;259,97101727;7165,606093439999;3,15;0,48;3,63
PI;2016;SAP Separada;695,096776;43,1311765;738,2279525;8399,49805329;8,28;0,51;8,79
PI;2017;SAP Separada;707,42563334;60,69704014;768,12267348;8734,167233940001;8,1;0,69;8,79
PI;2018;SAP Separada;731,3635391;78,92694832;810,2904874200001;9465,03422349;7,73;0,83;8,56
PI;2019;SAP Separada;851,08975517;60,06865019;911,15840536;11400,40001879;7,47;0,53;7,99
PI;2020;SAP Separada;778,25795988;53,29889024;831,55685012;10793,421795139999;7,21;0,49;7,7
PI;2021;SAP Separada;805,17944932;60,09935119;865,27880051;12071,726022370001;6,67;0,5;7,17
PI;2022;SAP Separada;957,02349846;83,97368593;1040,99718439;15204,10512489;6,29;0,55;6,85
PI;2023;SAP Separada;1068,5442248099998;94,07293036;1162,61715517;17031,43472369;6,27;0,55;6,83
PI;2024;SSP Integrada (Tudo na SSP);1634,48993924;0,0;1634,48993924;20209,83338024;8,09;0,0;8,09
PI;2025;SSP Integrada (Tudo na SSP);1897,19600881;0,0;1897,19600881;27795,68234807;6,83;0,0;6,83
PR;2015;SAP Separada;3200,61319589;16,32233026;3216,93552615;42029,51964963;7,62;0,04;7,65
PR;2016;SAP Separada;3653,9907384099997;157,76771521;3811,7584536199997;49881,38628067;7,33;0,32;7,64
PR;2017;SAP Separada;4005,811767;164,17096927;4169,98273627;52372,37351714;7,65;0,31;7,96
PR;2018;SAP Separada;3579,35842434;137,36679819999998;3716,72522254;46608,18635612;7,68;0,29;7,97
PR;2019;SAP Separada;3444,5513165;152,41559552;3596,96691202;47658,17704873;7,23;0,32;7,55
PR;2020;SAP Separada;3370,58639161;23,867619329999997;3394,45401094;40178,41927967;8,39;0,06;8,45
PR;2021;SAP Separada;3459,0756983;29,004609079999998;3488,0803073800002;43096,80148217;8,03;0,07;8,09
PR;2022;SAP Separada;4338,231292140001;32,81047577;4371,041767910001;46962,9914405;9,24;0,07;9,31
PR;2023;SAP Separada;5283,23500936;41,797354049999996;5325,03236341;56303,45762992;9,38;0,07;9,46
PR;2024;SAP Separada;5816,315506770001;53,24352863;5869,5590354000005;63812,46512582;9,11;0,08;9,2
PR;2025;SAP Separada;6789,84024425;60,068873090000004;6849,90911734;72506,27839455;9,36;0,08;9,45
RJ;2015;SSP Integrada (Tudo na SSP);8627,506653440001;0,0;8627,506653440001;61906,15712027;13,94;0,0;13,94
RJ;2016;SSP Integrada (Tudo na SSP);9154,615319;0,0;9154,615319;56459,837347;16,21;0,0;16,21
RJ;2017;SSP Integrada (Tudo na SSP);8552,21968;0,0;8552,21968;60398,286601;14,16;0,0;14,16
RJ;2018;SSP Integrada (Tudo na SSP);9461,473976;0,0;9461,473976;61316,68118348;15,43;0,0;15,43
RJ;2019;SSP Integrada (Tudo na SSP);9654,12445;0,0;9654,12445;59059,033457;16,35;0,0;16,35
RJ;2020;SSP Integrada (Tudo na SSP);9317,46684968;0,0;9317,46684968;59341,25188697;15,7;0,0;15,7
RJ;2021;SSP Integrada (Tudo na SSP);9802,58772405;0,0;9802,58772405;70998,20705063001;13,81;0,0;13,81
RJ;2022;SSP Integrada (Tudo na SSP);13651,51123935;0,0;13651,51123935;86542,00951432;15,77;0,0;15,77
RJ;2023;SSP Integrada (Tudo na SSP);15180,23105508;0,0;15180,23105508;93494,11634328;16,24;0,0;16,24
RJ;2024;SSP Integrada (Tudo na SSP);15757,20771673;0,0;15757,20771673;99267,93742971;15,87;0,0;15,87
RJ;2025;SSP Integrada (Tudo na SSP);16860,21538127;0,0;16860,21538127;105892,23672544;15,92;0,0;15,92
RN;2015;SAP Separada;794,0893211900001;43,71595631;837,8052775;9785,41999357;8,12;0,45;8,56
RN;2016;SAP Separada;885,25426169;40,96952727;926,2237889600001;8988,71870372;9,85;0,46;10,3
RN;2017;SAP Separada;858,6590617200001;39,899087689999995;898,55814941;9670,75455103;8,88;0,41;9,29
RN;2018;SAP Separada;961,4457986599999;55,157602950000005;1016,60340161;10293,07457551;9,34;0,54;9,88
RN;2019;SAP Separada;1090,53438719;83,50931964;1174,0437068300002;10782,84465859;10,11;0,77;10,89
RN;2020;SAP Separada;1024,2884127;59,39830132;1083,68671402;11349,99225089;9,02;0,52;9,55
RN;2021;SAP Separada;1186,63404014;78,93631762999999;1265,5703577699999;12518,35463141;9,48;0,63;10,11
RN;2022;SAP Separada;1347,60163986;81,51080345;1429,11244331;14951,34858557;9,01;0,55;9,56
RN;2023;SAP Separada;2305,93398119;92,99843697;2398,93241816;16861,96729885;13,68;0,55;14,23
RN;2024;SAP Separada;2377,46482331;96,83714655;2474,30196986;18735,30869578;12,69;0,52;13,21
RN;2025;SAP Separada;1888,10201241;103,84838511;1991,95039752;20696,574215200002;9,12;0,5;9,62
RO;2015;SSP Integrada (Tudo na SSP);911,16293016;0,0;911,16293016;5514,12573331;16,52;0,0;16,52
RO;2016;SSP Integrada (Tudo na SSP);723,4143641799999;0,0;723,4143641799999;5910,2226825;12,24;0,0;12,24
RO;2017;SSP Integrada (Tudo na SSP);779,5237532699999;0,0;779,5237532699999;6436,55496682;12,11;0,0;12,11
RO;2018;SSP Integrada (Tudo na SSP);815,24942368;0,0;815,24942368;6910,43776578;11,8;0,0;11,8
RO;2019;SSP Integrada (Tudo na SSP);813,7153991399999;0,0;813,7153991399999;6875,27054711;11,84;0,0;11,84
RO;2020;SAP Separada;971,8643515900001;77,06467543000001;1048,92902702;7136,5797004099995;13,62;1,08;14,7
RO;2021;SAP Separada;1039,15245691;80,56263778;1119,7150946900001;7949,948350029999;13,07;1,01;14,08
RO;2022;SAP Separada;1483,5885039000002;95,70908646;1579,29759036;10504,635662659999;14,12;0,91;15,03
RO;2023;SAP Separada;1558,57969249;127,42541764;1686,00511013;11146,33027353;13,98;1,14;15,13
RO;2024;SAP Separada;1807,64155045;123,32624964;1930,9678000899999;12905,286014719999;14,01;0,96;14,96
RO;2025;SAP Separada;2108,58829978;140,58884011;2249,17713989;14759,760481629999;14,29;0,95;15,24
RR;2015;SAP Separada;292,0474838;21,55542612;313,60290992;2904,2492171;10,06;0,74;10,8
RR;2016;SAP Separada;337,49454783;22,8854568;360,38000463;3096,54277461;10,9;0,74;11,64
RR;2017;SAP Separada;383,72559156;21,01904976;404,74464131999997;3555,49169114;10,79;0,59;11,38
RR;2018;SAP Separada;358,72252014;11,73350963;370,45602977;3015,16041499;11,9;0,39;12,29
RR;2019;SAP Separada;250,57569138999997;35,89790583;286,47359722000004;3402,10696017;7,37;1,06;8,42
RR;2020;SAP Separada;378,93924860000004;35,18103596;414,12028456;3533,0600124099997;10,73;1,0;11,72
RR;2021;SAP Separada;477,59479733;34,72823536;512,32303269;4480,3660045100005;10,66;0,78;11,43
RR;2022;SAP Separada;588,90972201;33,36052634;622,27024835;6447,86208889;9,13;0,52;9,65
RR;2023;SAP Separada;705,74648286;37,15585421;742,90233707;6884,74571458;10,25;0,54;10,79
RR;2024;SAP Separada;766,04028138;38,71669707;804,75697845;7803,7386781000005;9,82;0,5;10,31
RR;2025;SAP Separada;947,4030727;48,253199130000006;995,65627183;8387,51186539;11,3;0,58;11,87
RS;2015;SSP Integrada (Tudo na SSP);3005,60532603;0,0;3005,60532603;44996,319988330004;6,68;0,0;6,68
RS;2016;SSP Integrada (Tudo na SSP);3278,8883975100002;0,0;3278,8883975100002;46134,41836776;7,11;0,0;7,11
RS;2017;SSP Integrada (Tudo na SSP);3709,97646417;0,0;3709,97646417;49356,99741144;7,52;0,0;7,52
RS;2018;SSP Integrada (Tudo na SSP);4344,39157855;0,0;4344,39157855;55083,25944637;7,89;0,0;7,89
RS;2019;SSP Integrada (Tudo na SSP);4757,558851850001;0,0;4757,558851850001;57213,11276143;8,32;0,0;8,32
RS;2020;SSP Integrada (Tudo na SSP);5290,86223418;0,0;5290,86223418;46327,874940760004;11,42;0,0;11,42
RS;2021;SSP Integrada (Tudo na SSP);5513,39932883;0,0;5513,39932883;51853,75244198;10,63;0,0;10,63
RS;2022;SSP Integrada (Tudo na SSP);6486,33595962;0,0;6486,33595962;51242,02750714;12,66;0,0;12,66
RS;2023;SSP Integrada (Tudo na SSP);6278,05171442;0,0;6278,05171442;57604,74681703;10,9;0,0;10,9
RS;2024;SSP Integrada (Tudo na SSP);6276,66059644;0,0;6276,66059644;59448,877020620006;10,56;0,0;10,56
RS;2025;SSP Integrada (Tudo na SSP);7997,6034638;0,0;7997,6034638;64584,536446980004;12,38;0,0;12,38
SC;2015;SAP Separada;1985,60282963;197,94342651;2183,5462561400004;21203,60010757;9,36;0,93;10,3
SC;2016;SAP Separada;2135,86257392;661,55451026;2797,4170841800005;22077,12589549;9,67;3,0;12,67
SC;2017;SAP Separada;2195,0183851799998;275,6833176;2470,7017027800002;23288,157921650003;9,43;1,18;10,61
SC;2018;SAP Separada;2272,59316812;303,48104941;2576,07421753;24671,93421811;9,21;1,23;10,44
SC;2019;SAP Separada;2255,21526178;294,54208659;2549,7573483700003;25339,43607616;8,9;1,16;10,06
SC;2020;SAP Separada;2351,31809613;276,67357791;2627,99167404;25739,70077372;9,13;1,07;10,21
SC;2021;SAP Separada;2498,07627662;265,68818673;2763,76446335;30632,91313628;8,15;0,87;9,02
SC;2022;SAP Separada;3182,36640313;308,72880698;3491,09521011;39901,01648814;7,98;0,77;8,75
SC;2023;SAP Separada;3185,56498586;316,97086528;3502,5358511400004;40177,913208599995;7,93;0,79;8,72
SC;2024;SAP Separada;3368,4982045300003;299,96546094;3668,46366547;45739,70845268;7,36;0,66;8,02
SC;2025;SAP Separada;3724,0056461599997;369,40032918;4093,40597534;52039,082767269996;7,16;0,71;7,87
SE;2015;SAP Separada;784,08774699;40,46289504;824,55064203;6943,62059827;11,29;0,58;11,87
SE;2016;SAP Separada;820,59219804;51,75749911;872,34969715;7197,72887202;11,4;0,72;12,12
SE;2017;SAP Separada;845,5844553200001;70,53933204;916,12378736;7792,39297346;10,85;0,91;11,76
SE;2018;SAP Separada;892,9861861100001;96,67457415000001;989,66076026;8038,003476819999;11,11;1,2;12,31
SE;2019;SAP Separada;958,34846378;119,68566795000001;1078,0341317300001;8778,2415965;10,92;1,36;12,28
SE;2020;SAP Separada;956,4598534600001;85,21712919;1041,67698265;9025,254986799999;10,6;0,94;11,54
SE;2021;SAP Separada;1504,44795871;132,73906802;1637,18702673;9864,7582974;15,25;1,35;16,6
SE;2022;SAP Separada;1252,12730332;132,75457627;1384,88187959;12112,160186719999;10,34;1,1;11,43
SE;2023;SAP Separada;1253,98928706;112,43333066;1366,42261772;12478,94619157;10,05;0,9;10,95
SE;2024;SSP Integrada (Tudo na SSP);1700,73245209;0,0;1700,73245209;14600,69972956;11,65;0,0;11,65
SE;2025;SSP Integrada (Tudo na SSP);1906,72532565;0,0;1906,72532565;17255,87933307;11,05;0,0;11,05
SP;2015;SAP Separada;11197,08472614;2955,5812538600003;14152,66598;192086,08723569;5,83;1,54;7,37
SP;2016;SAP Separada;10930,82556865;3090,01592015;14020,841488799999;188996,42253644;5,78;1,63;7,42
SP;2017;SAP Separada;11473,02930261;3115,27495398;14588,30425659;200282,53094111;5,73;1,56;7,28
SP;2018;SAP Separada;11325,84779833;3175,0067133499997;14500,85451168;209644,96150539;5,4;1,51;6,92
SP;2019;SAP Separada;11800,303005149999;3230,561069;15030,86407415;223311,16874395998;5,28;1,45;6,73
SP;2020;SAP Separada;11638,99739466;3286,33379492;14925,33118958;216731,5672885;5,37;1,52;6,89
SP;2021;SAP Separada;12616,229094010001;3269,3665895599997;15885,59568357;258882,56185338;4,87;1,26;6,14
SP;2022;SAP Separada;13914,34757637;3755,86856752;17670,21614389;299510,87073220004;4,65;1,25;5,9
SP;2023;SAP Separada;15168,4988865;4049,76050651;19218,259393009997;302650,95913789;5,01;1,34;6,35
SP;2024;SAP Separada;16336,93519276;4425,01133863;20761,94653139;335692,61488249;4,87;1,32;6,18
SP;2025;SAP Separada;17697,92188241;4976,66558851;22674,58747092;355439,27619785996;4,98;1,4;6,38
TO;2015;SAP Separada;629,94856189;53,81055081;683,7591127000001;6823,9557626000005;9,23;0,79;10,02
TO;2016;SAP Separada;728,92889644;66,15135998;795,0802564200001;7838,456286430001;9,3;0,84;10,14
TO;2017;SAP Separada;797,2507548;82,86787935;880,1186341499999;8119,606914229999;9,82;1,02;10,84
TO;2018;SAP Separada;869,45436174;66,84097813;936,29533987;7877,68991278;11,04;0,85;11,89
TO;2019;SSP Integrada (Tudo na SSP);1070,22109123;0,0;1070,22109123;8392,27076741;12,75;0,0;12,75
TO;2020;SSP Integrada (Tudo na SSP);1044,0002771;0,0;1044,0002771;8954,349888530001;11,66;0,0;11,66
TO;2021;SAP Separada;1022,46083198;96,13188423;1118,59271621;10090,15753049;10,13;0,95;11,09
TO;2022;SAP Separada;1121,37500303;105,21979422;1226,59479725;12196,684645110001;9,19;0,86;10,06
TO;2023;SAP Separada;1264,75805902;118,95913911;1383,71719813;13827,02405658;9,15;0,86;10,01
TO;2024;SAP Separada;1413,5116341500002;116,34463448000001;1529,8562686300002;15609,74732855;9,06;0,75;9,8
TO;2025;SAP Separada;1435,57904212;265,2491205;1700,8281626199998;16550,94389876;8,67;1,6;10,28
