UF;Ano;Status;SSP_Exceto_R$;SSP_Intra_R$;SSP_Total_R$;SAP_Exceto_R$;SAP_Intra_R$;SAP_Total_R$;SSP_SAP_Exceto_R$;SSP_SAP_Intra_R$;SSP_SAP_Total_R$;Total_Exceto_R$;Total_Intra_R$;Total_Geral_R$;Pct_SSP_Exceto_%;Pct_SSP_Total_%;Pct_SAP_Exceto_%;Pct_SAP_Total_%;Pct_SSP_SAP_Exceto_%;Pct_SSP_SAP_Total_%;Pct_API_%
AC;2015;OK;422789664,35;0,0;422789664,35;34451868,31;0,0;34451868,31;457241532,66;0,0;457241532,66;4813590069,85;330516587,06;5144106656,91;8,78;8,22;0,72;0,67;9,5;8,89;8,22
AC;2016;OK;434114223,37;40738926,22;474853149,59;47747167,76;19718,99;47766886,75;481861391,13;40758645,21;522620036,34;4914850559,91;415146977,55;5329997537,46;8,83;8,91;0,97;0,9;9,8;9,81;8,14
AC;2017;OK;506393234,63;51170614,15;557563848,78;65764588,9;9865,28;65774454,18;572157823,53;51180479,43;623338302,9599999;5353609717,31;604988804,08;5958598521,39;9,46;9,36;1,23;1,1;10,69;10,46;8,5
AC;2018;OK;579819877,47;63345769,05;643165646,52;89269695,77;46319,23;89316015,0;669089573,24;63392088,28;732481661,52;5829775187,23;684966357,72;6514741544,95;9,95;9,87;1,53;1,37;11,48;11,24;8,9
AC;2019;OK;660178009,42;73373589,09;733551598,51;51983460,4;0,0;51983460,4;712161469,8199999;73373589,09;785535058,91;5900138857,55;309349175,36;6209488032,91;11,19;11,81;0,88;0,84;12,07;12,65;10,63
AC;2020;OK;481239719,07;54791802,59;536031521,66;52401061,41;106604,3;52507665,70999999;533640780,48;54898406,89;588539187,37;6076628899,89;458440734,19;6535069634,08;7,92;8,2;0,86;0,8;8,78;9,01;7,36
AC;2021;OK;542440176,63;56691077,88;599131254,51;40991939,27;0,0;40991939,27;583432115,9;56691077,88;640123193,78;7093194287,06;424384012,47;7517578299,53;7,65;7,97;0,58;0,55;8,23;8,52;7,22
AC;2022;OK;929907362,4;84505173,66;1014412536,06;20361338,26;307703,04;20669041,3;950268700,66;84812876,7;1035081577,36;8923970953,17;468321791,33;9392292744,5;10,42;10,8;0,23;0,22;10,65;11,02;9,9
AC;2023;OK;1020473939,2;89439226,68;1109913165,88;22708349,96;1132093,01;23840442,970000003;1043182289,16;90571319,69;1133753608,85;9442045884,48;492125243,91;9934171128,39;10,81;11,17;0,24;0,24;11,05;11,41;10,27
AC;2024;OK;1091202543,64;94796663,51;1185999207,15;649198,02;0,0;649198,02;1091851741,66;94796663,51;1186648405,17;10836359094,48;518251538,52;11354610633,0;10,07;10,45;0,01;0,01;10,08;10,45;9,61
AL;2015;OK;1047591867,09;0,0;1047591867,09;2702168,2;0,0;2702168,2;1050294035,29;0,0;1050294035,29;7666529318,62;187089123,73;7853618442,35;13,66;13,34;0,04;0,03;13,7;13,37;13,34
AL;2016;OK;1032406706,97;194418993,18;1226825700,15;3178817,88;0,0;3178817,88;1035585524,85;194418993,18;1230004518,0300002;8371504012,6;1481844818,4;9853348831,0;12,33;12,45;0,04;0,03;12,37;12,48;10,48
AL;2017;OK;1121306009,4;179629092,63;1300935102,0300002;5707213,97;0,0;5707213,97;1127013223,37;179629092,63;1306642316,0000002;8825725557,7;1611061896,07;10436787453,77;12,7;12,46;0,06;0,05;12,77;12,52;10,74
AL;2018;OK;1152617461,36;192326349,91;1344943811,27;1395256,28;0,0;1395256,28;1154012717,64;192326349,91;1346339067,55;8468265337,55;1800546299,78;10268811637,33;13,61;13,1;0,02;0,01;13,63;13,11;11,22
AL;2019;OK;1115833764,44;184239830,92;1300073595,36;80274266,82;0,0;80274266,82;1196108031,26;184239830,92;1380347862,18;8522686582,05;552821270,68;9075507852,73;13,09;14,33;0,94;0,88;14,03;15,21;12,3
AL;2020;OK;1325167795,36;87113795,33;1412281590,6899998;114839986,71;0,0;114839986,71;1440007782,07;87113795,33;1527121577,4;9376901984,36;639418798,17;10016320782,53;14,13;14,1;1,22;1,15;15,36;15,25;13,23
AL;2021;OK;1320467623,05;80173607,7;1400641230,75;202803046,93;0,0;202803046,93;1523270669,98;80173607,7;1603444277,68;11999711154,03;623442884,95;12623154038,98;11,0;11,1;1,69;1,61;12,69;12,7;10,46
AL;2022;OK;1583072100,53;87727779,08;1670799879,61;183258812,88;0,0;183258812,88;1766330913,4099998;87727779,08;1854058692,49;15165901440,22;603055541,43;15768956981,65;10,44;10,6;1,21;1,16;11,65;11,76;10,04
AL;2023;OK;1794418089,74;103852716,21;1898270805,95;321805823,37;0,0;321805823,37;2116223913,11;103852716,21;2220076629,32;16181349072,33;703470739,89;16884819812,22;11,09;11,24;1,99;1,91;13,08;13,15;10,63
AL;2024;OK;2012602381,04;62486657,7;2075089038,74;99985255,15;0,0;99985255,15;2112587636,19;62486657,7;2175074293,89;17478395563,43;685259968,94;18163655532,37;11,51;11,42;0,57;0,55;12,09;11,97;11,08
AM;2015;OK;1354129104,93;0,0;1354129104,93;239124686,06;0,0;239124686,06;1593253790,99;0,0;1593253790,99;13736184089,77;464519210,17;14200703299,94;9,86;9,54;1,74;1,68;11,6;11,22;9,54
AM;2016;OK;1392572123,73;169853508,29;1562425632,02;381100954,78;0,0;381100954,78;1773673078,51;169853508,29;1943526586,8;13937145191,15;587920123,39;14525065314,54;9,99;10,76;2,73;2,62;12,73;13,38;9,59
AM;2017;OK;1411427539,63;168510655,62;1579938195,25;226431394,69;0,0;226431394,69;1637858934,3200002;168510655,62;1806369589,94;14063982942,16;592600141,51;14656583083,67;10,04;10,78;1,61;1,54;11,65;12,32;9,63
AM;2018;OK;1715177655,49;200268841,6;1915446497,09;272566334,08;0,0;272566334,08;1987743989,57;200268841,6;2188012831,17;16325425245,44;718730191,34;17044155436,78;10,51;11,24;1,67;1,6;12,18;12,84;10,06
AM;2019;OK;2011381251,93;242982861,61;2254364113,54;263914518,42;0,0;263914518,42;2275295770,35;242982861,61;2518278631,96;17540821158,12;872091392,63;18412912550,75;11,47;12,24;1,5;1,43;12,97;13,68;10,92
AM;2020;OK;2068375322,94;140995587,14;2209370910,08;393393962,28;0,0;393393962,28;2461769285,2200003;140995587,14;2602764872,36;18533793251,13;1849460191,38;20383253442,51;11,16;10,84;2,12;1,93;13,28;12,77;10,15
AM;2021;OK;2276422104,83;102935829,32;2379357934,15;447939476,83;0,0;447939476,83;2724361581,66;102935829,32;2827297410,98;22588216786,77;1039466200,29;23627682987,06;10,08;10,07;1,98;1,9;12,06;11,97;9,63
AM;2022;OK;2601261750,58;113042051,36;2714303801,94;356621242,64;0,0;356621242,64;2957882993,22;113042051,36;3070925044,58;27275715255,15;994706234,18;28270421489,33;9,54;9,6;1,31;1,26;10,84;10,86;9,2
AM;2023;OK;2641795841,98;110153039,49;2751948881,47;436110782,89;0,0;436110782,89;3077906624,87;110153039,49;3188059664,36;28410375799,07;948560713,51;29358936512,58;9,3;9,37;1,54;1,49;10,83;10,86;9,0
AM;2024;OK;2964407513,78;117751382,82;3082158896,6000004;586897863,81;0,0;586897863,81;3551305377,59;117751382,82;3669056760,41;32897257357,41;1019912581,63;33917169939,04;9,01;9,09;1,78;1,73;10,8;10,82;8,74
AP;2015;OK;450492315,38;0,0;450492315,38;10997523,92;0,0;10997523,92;461489839,3;0,0;461489839,3;3561371962,4;61727885,96;3623099848,36;12,65;12,43;0,31;0,3;12,96;12,74;12,43
AP;2016;OK;406228319,98;0,0;406228319,98;11481793,15;0,0;11481793,15;417710113,13;0,0;417710113,13;3788535779,28;130503189,72;3919038969,0;10,72;10,37;0,3;0,29;11,03;10,66;10,37
AP;2017;OK;447686649,35;0,0;447686649,35;13683142,23;0,0;13683142,23;461369791,58;0,0;461369791,58;3834621684,66;168193406,85;4002815091,51;11,67;11,18;0,36;0,34;12,03;11,53;11,18
AP;2018;OK;450858698,03;0,0;450858698,03;16775619,18;0,0;16775619,18;467634317,21;0,0;467634317,21;4200929133,16;170983646,21;4371912779,37;10,73;10,31;0,4;0,38;11,13;10,7;10,31
AP;2019;OK;552215231,77;0,0;552215231,77;17588555,49;0,0;17588555,49;569803787,26;0,0;569803787,26;4753885225,13;169213750,52;4923098975,65;11,62;11,22;0,37;0,36;11,99;11,57;11,22
AP;2020;OK;722548985,65;0,0;722548985,65;15663975,97;0,0;15663975,97;738212961,62;0,0;738212961,62;4755084442,16;251811027,34;5006895469,5;15,2;14,43;0,33;0,31;15,52;14,74;14,43
AP;2021;OK;720583076,55;0,0;720583076,55;16866226,82;0,0;16866226,82;737449303,37;0,0;737449303,37;5294721112,94;201910509,67;5496631622,61;13,61;13,11;0,32;0,31;13,93;13,42;13,11
AP;2022;OK;878492078,71;0,0;878492078,71;27026686,21;0,0;27026686,21;905518764,92;0,0;905518764,92;6745512763,93;164017557,54;6909530321,47;13,02;12,71;0,4;0,39;13,42;13,11;12,71
AP;2023;OK;930140168,2;0,0;930140168,2;24806112,98;0,0;24806112,98;954946281,18;0,0;954946281,18;7996822035,59;119247745,89;8116069781,48;11,63;11,46;0,31;0,31;11,94;11,77;11,46
AP;2024;OK;1048091062,13;0,0;1048091062,13;38046885,86;0,0;38046885,86;1086137947,99;0,0;1086137947,99;9299452041,83;259841186,01;9559293227,84;11,27;10,96;0,41;0,4;11,68;11,36;10,96
BA;2015;OK;3710967127,5;0,0;3710967127,5;255418789,11;0,0;255418789,11;3966385916,61;0,0;3966385916,61;36332515086,93;2880767103,41;39213282190,34;10,21;9,46;0,7;0,65;10,92;10,11;9,46
BA;2016;OK;4114985183,62;727805667,15;4842790850,77;324298670,5;20061434,46;344360104,96;4439283854,12;747867101,61;5187150955,73;39160114187,74;3268838607,89;42428952795,63;10,51;11,41;0,83;0,81;11,34;12,23;9,7
BA;2017;OK;4059868816,81;849833336,96;4909702153,77;345508270,8;22621093,79;368129364,59;4405377087,61;872454430,75;5277831518,360001;40394554151,28;4590654242,68;44985208393,96;10,05;10,91;0,86;0,82;10,91;11,73;9,02
BA;2018;OK;4292028772,43;855623233,58;5147652006,01;381971383,15;25876070,08;407847453,23;4674000155,58;881499303,6600001;5555499459,24;43098496489,77;3081098773,55;46179595263,32;9,96;11,15;0,89;0,88;10,84;12,03;9,29
BA;2019;OK;4506107994,55;861709845,9;5367817840,45;429500245,02;22142635,48;451642880,5;4935608239,57;883852481,38;5819460720,95;45135209045,18;3152829366,83;48288038412,01;9,98;11,12;0,95;0,94;10,94;12,05;9,33
BA;2020;OK;4301274307,75;256414680,54;4557688988,29;440849635,67;21738945,22;462588580,89;4742123943,42;278153625,76;5020277569,18;45775355324,47;2508547242,87;48283902567,34;9,4;9,44;0,96;0,96;10,36;10,4;8,91
BA;2021;OK;4319232567,0;288787617,65;4608020184,65;490633682,06;19985612,08;510619294,14;4809866249,06;308773229,73;5118639478,79;51900309465,92;3205744471,1;55106053937,02;8,32;8,36;0,95;0,93;9,27;9,29;7,84
BA;2022;OK;5151760218,53;330363444,88;5482123663,41;490372939,51;22910460,08;513283399,59;5642133158,04;353273904,96;5995407063,0;66945120755,8;2917278061,89;69862398817,69;7,7;7,85;0,73;0,73;8,43;8,58;7,37
BA;2023;OK;5855742155,9;380112012,45;6235854168,349999;559144181,06;31874026,61;591018207,67;6414886336,959999;411986039,06;6826872376,02;72501791476,07;3862123901,4;76363915377,47;8,08;8,17;0,77;0,77;8,85;8,94;7,67
BA;2024;OK;6454228813,16;424996200,53;6879225013,69;604648050,0;35717539,78;640365589,78;7058876863,16;460713740,31;7519590603,469999;69740359568,72;3207479720,78;72947839289,5;9,25;9,43;0,87;0,88;10,12;10,31;8,85
CE;2015;OK;1753469667,47;0,0;1753469667,47;146443338,72;0,0;146443338,72;1899913006,19;0,0;1899913006,19;20155364642,63;983896473,0;21139261115,63;8,7;8,29;0,73;0,69;9,43;8,99;8,29
CE;2016;OK;1878699039,68;244535576,66;2123234616,34;3425489,96;0,0;3425489,96;1882124529,64;244535576,66;2126660106,3;21686240485,17;1179648831,88;22865889317,05;8,66;9,29;0,02;0,01;8,68;9,3;8,22
CE;2017;OK;2048599129,8;289856549,53;2338455679,33;3749495,86;0,0;3749495,86;2052348625,66;289856549,53;2342205175,19;22651232801,72;1311825261,29;23963058063,01;9,04;9,76;0,02;0,02;9,06;9,77;8,55
CE;2018;OK;2533499592,96;368196209,2;2901695802,16;4782490,83;0,0;4782490,83;2538282083,79;368196209,2;2906478292,99;24792007211,24;1605450021,59;26397457232,83;10,22;10,99;0,02;0,02;10,24;11,01;9,6
CE;2019;OK;2698889557,46;432740366,59;3131629924,05;11001478,41;0,0;11001478,41;2709891035,87;432740366,59;3142631402,46;25316752985,95;1592224088,11;26908977074,06;10,66;11,64;0,04;0,04;10,7;11,68;10,03
CE;2020;OK;2972428596,5;412285742,08;3384714338,58;0,0;0,0;0,0;2972428596,5;412285742,08;3384714338,58;25740898099,23;1616141746,14;27357039845,37;11,55;12,37;0,0;0,0;11,55;12,37;10,87
CE;2021;OK;3186393887,75;454454503,37;3640848391,12;0,0;0,0;0,0;3186393887,75;454454503,37;3640848391,12;29364541412,43;1720652149,23;31085193561,66;10,85;11,71;0,0;0,0;10,85;11,71;10,25
CE;2022;OK;4076369554,38;582483380,64;4658852935,02;0,0;0,0;0,0;4076369554,38;582483380,64;4658852935,02;31073192482,22;2448121784,56;33521314266,78;13,12;13,9;0,0;0,0;13,12;13,9;12,16
CE;2023;OK;4470803652,35;683878723,29;5154682375,64;0,0;0,0;0,0;4470803652,35;683878723,29;5154682375,64;34059823705,5;2213917427,17;36273741132,67;13,13;14,21;0,0;0,0;13,13;14,21;12,33
CE;2024;OK;4685759577,95;806574401,03;5492333978,98;2352067,68;0,0;2352067,68;4688111645,63;806574401,03;5494686046,66;38688913486,61;2969585693,53;41658499180,14;12,11;13,18;0,01;0,01;12,12;13,19;11,25
DF;2015;OK;604958319,63;0,0;604958319,63;8255392,57;0,0;8255392,57;613213712,2;0,0;613213712,2;26650196732,2;0,0;26650196732,2;2,27;2,27;0,03;0,03;2,3;2,3;2,27
DF;2016;OK;708564578,41;0,0;708564578,41;88983167,69;0,0;88983167,69;797547746,0999999;0,0;797547746,0999999;25393610383,57;0,0;25393610383,57;2,79;2,79;0,35;0,35;3,14;3,14;2,79
DF;2017;OK;745509635,19;61730481,53;807240116,72;24974444,96;649999,95;25624444,91;770484080,1500001;62380481,48;832864561,63;19028512282,58;1795495015,67;20824007298,25;3,92;3,88;0,13;0,12;4,05;4,0;3,58
DF;2018;OK;789058634,23;78608822,89;867667457,12;66604394,0;1040795,97;67645189,97;855663028,23;79649618,86;935312647,09;21831491078,82;1925211036,04;23756702114,86;3,61;3,65;0,31;0,28;3,92;3,94;3,32
DF;2019;OK;825276748,29;85054993,64;910331741,93;105746968,13;1775723,41;107522691,54;931023716,42;86830717,05;1017854433,47;21902120056,43;1951398117,37;23853518173,8;3,77;3,82;0,48;0,45;4,25;4,27;3,46
DF;2020;OK;893254504,76;83876822,1;977131326,86;22224884,18;0,0;22224884,18;915479388,94;83876822,1;999356211,04;22267969385,58;1961836914,45;24229806300,03;4,01;4,03;0,1;0,09;4,11;4,12;3,69
DF;2021;OK;903561520,99;106638204,61;1010199725,6;31642124,69;1350406,72;32992531,41;935203645,68;107988611,33;1043192257,01;25366537262,59;2370687893,84;27737225156,43;3,56;3,64;0,12;0,12;3,69;3,76;3,26
DF;2022;OK;1044983398,47;124186272,77;1169169671,24;36868890,96;1700392,36;38569283,32;1081852289,43;125886665,13;1207738954,56;29714588540,56;2803923556,31;32518512096,87;3,52;3,6;0,12;0,12;3,64;3,71;3,21
DF;2023;OK;1186519440,38;137786850,45;1324306290,8300002;40632486,87;1905632,47;42538119,34;1227151927,25;139692482,92;1366844410,17;29060115830,71;3043587592,57;32103703423,28;4,08;4,13;0,14;0,13;4,22;4,26;3,7
DF;2024;OK;1384000189,28;164720282,73;1548720472,01;50070996,46;2206018,76;52277015,22;1434071185,74;166926301,48999998;1600997487,23;35303270142,74;3320543245,67;38623813388,41;3,92;4,01;0,14;0,14;4,06;4,15;3,58
ES;2015;OK;1218466827,8;0,0;1218466827,8;144302915,56;0,0;144302915,56;1362769743,36;0,0;1362769743,36;11887084241,21;2014201599,36;13901285840,57;10,25;8,77;1,21;1,04;11,46;9,8;8,77
ES;2016;OK;1275243310,39;716440161,07;1991683471,46;166240589,89;0,0;166240589,89;1441483900,2800002;716440161,07;2157924061,35;11609789087,0;2167559342,87;13777348429,87;10,98;14,46;1,43;1,21;12,42;15,66;9,26
ES;2017;OK;1294299598,5;793996789,52;2088296388,02;169285477,74;0,0;169285477,74;1463585076,24;793996789,52;2257581865,76;11676823084,08;2363142705,49;14039965789,57;11,08;14,87;1,45;1,21;12,53;16,08;9,22
ES;2018;OK;1357880466,51;870296852,98;2228177319,49;186992368,19;2174626,04;189166994,23;1544872834,7;872471479,02;2417344313,72;13058241347,23;2530965402,08;15589206749,31;10,4;14,29;1,43;1,21;11,83;15,51;8,71
ES;2019;OK;1311580321,52;940895443,53;2252475765,05;196452011,93;3101540,99;199553552,92;1508032333,45;943996984,52;2452029317,9700003;13588941934,5;2791442321,65;16380384256,15;9,65;13,75;1,45;1,22;11,1;14,97;8,01
ES;2020;OK;1325086211,25;344414295,91;1669500507,16;191942907,41;1323965,34;193266872,75;1517029118,66;345738261,25;1862767379,91;14594541260,41;2265074722,12;16859615982,53;9,08;9,9;1,32;1,15;10,39;11,05;7,86
ES;2021;OK;1484560625,78;39151210,29;1523711836,07;211971981,17;329084,53;212301065,7;1696532606,95;39480294,82;1736012901,77;17399977756,05;308766669,82;17708744425,87;8,53;8,6;1,22;1,2;9,75;9,8;8,38
ES;2022;OK;2028006873,63;47527192,13;2075534065,76;297101291,37;393490,46;297494781,83;2325108165,0;47920682,59;2373028847,59;21097527601,44;426747977,72;21524275579,16;9,61;9,64;1,41;1,38;11,02;11,02;9,42
ES;2023;OK;2023752520,13;52164969,4;2075917489,53;309549495,64;353964,57;309903460,21;2333302015,77;52518933,97;2385820949,74;23287211959,65;380545324,66;23667757284,31;8,69;8,77;1,33;1,31;10,02;10,08;8,55
ES;2024;OK;2350029320,11;61313643,19;2411342963,3;322736333,45;288383,58;323024717,03;2672765653,56;61602026,77;2734367680,33;26065945261,82;408490368,8;26474435630,62;9,02;9,11;1,24;1,22;10,25;10,33;8,88
GO;2015;OK;2431198104,05;0,0;2431198104,05;34397094,01;0,0;34397094,01;2465595198,0600004;0,0;2465595198,0600004;19557083346,28;1158385148,74;20715468495,02;12,43;11,74;0,18;0,17;12,61;11,9;11,74
GO;2016;OK;2467431484,36;474227763,02;2941659247,38;111343504,78;0,0;111343504,78;2578774989,1400003;474227763,02;3053002752,1600003;19513849360,45;1155787283,17;20669636643,62;12,64;14,23;0,57;0,54;13,22;14,77;11,94
GO;2017;OK;2768797636,9;563560586,86;3332358223,76;115313374,45;0,0;115313374,45;2884111011,35;563560586,86;3447671598,21;22158921979,88;1353412455,99;23512334435,87;12,5;14,17;0,52;0,49;13,02;14,66;11,78
GO;2018;OK;2807535260,45;584363060,87;3391898321,32;127843658,75;0,0;127843658,75;2935378919,2;584363060,87;3519741980,07;23438908736,19;1653766726,69;25092675462,88;11,98;13,52;0,55;0,51;12,52;14,03;11,19
GO;2019;OK;3643720859,68;745846005,72;4389566865,4;111291625,54;0,0;111291625,54;3755012485,22;745846005,72;4500858490,94;26730017318,36;2050095268,03;28780112586,39;13,63;15,25;0,42;0,39;14,05;15,64;12,66
GO;2020;OK;3135240199,99;261136694,48;3396376894,47;104096988,43;0,0;104096988,43;3239337188,42;261136694,48;3500473882,9;26821092160,3;1493075761,43;28314167921,73;11,69;12,0;0,39;0,37;12,08;12,36;11,07
GO;2021;OK;3179193139,86;174461588,04;3353654727,9;103874023,75;0,0;103874023,75;3283067163,61;174461588,04;3457528751,65;29224680242,15;1489563950,59;30714244192,74;10,88;10,92;0,36;0,34;11,23;11,26;10,35
GO;2022;OK;3451974835,87;188542578,29;3640517414,16;110180997,55;0,0;110180997,55;3562155833,42;188542578,29;3750698411,71;35728968365,46;1519369067,49;37248337432,95;9,66;9,77;0,31;0,3;9,97;10,07;9,27
GO;2023;OK;3774328033,57;192656537,74;3966984571,31;176173176,18;24587,5;176197763,68;3950501209,75;192681125,24;4143182334,99;36457953577,28;1628227024,43;38086180601,71;10,35;10,42;0,48;0,46;10,84;10,88;9,91
GO;2024;OK;4229186399,3;207051414,84;4436237814,14;100088243,77;73765,0;100162008,77;4329274643,070001;207125179,84;4536399822,910001;40503693849,1;1832936715,39;42336630564,49;10,44;10,48;0,25;0,24;10,69;10,72;9,99
MA;2015;OK;1127444760,17;0,0;1127444760,17;154925826,87;0,0;154925826,87;1282370587,04;0,0;1282370587,04;13339142593,79;0,0;13339142593,79;8,45;8,45;1,16;1,16;9,61;9,61;8,45
MA;2016;OK;1361929381,71;0,0;1361929381,71;143334284,99;0,0;143334284,99;1505263666,7;0,0;1505263666,7;14947160549,0;0,0;14947160549,0;9,11;9,11;0,96;0,96;10,07;10,07;9,11
MA;2017;OK;1557092257,82;2936936,91;1560029194,73;112857105,35;0,0;112857105,35;1669949363,1699998;2936936,91;1672886300,08;15902548089,52;707633899,5;16610181989,02;9,79;9,39;0,71;0,68;10,5;10,07;9,37
MA;2018;OK;1816733557,05;3089872,24;1819823429,29;168449384,29;0,0;168449384,29;1985182941,34;3089872,24;1988272813,58;17237626166,37;1194959902,1;18432586068,47;10,54;9,87;0,98;0,91;11,52;10,79;9,86
MA;2019;OK;1911950008,78;4350992,52;1916301001,3;198578534,39;0,0;198578534,39;2110528543,17;4350992,52;2114879535,69;15373813507,41;817435540,32;16191249047,73;12,44;11,84;1,29;1,23;13,73;13,06;11,81
MA;2020;OK;1882739938,95;4196926,86;1886936865,81;195269122,24;0,0;195269122,24;2078009061,19;4196926,86;2082205988,05;16028585115,38;1202668696,03;17231253811,41;11,75;10,95;1,22;1,13;12,96;12,08;10,93
MA;2021;OK;1897050096,54;4874534,74;1901924631,28;247252993,88;0,0;247252993,88;2144303090,42;4874534,74;2149177625,16;19195792055,93;958351087,46;20154143143,39;9,88;9,44;1,29;1,23;11,17;10,66;9,41
MA;2022;OK;2046619327,98;4507970,34;2051127298,32;267988768,79;0,0;267988768,79;2314608096,77;4507970,34;2319116067,11;22402256809,06;955762833,16;23358019642,22;9,14;8,78;1,2;1,15;10,33;9,93;8,76
MA;2023;OK;2096734987,31;7731933,68;2104466920,99;268328886,67;0,0;268328886,67;2365063873,98;7731933,68;2372795807,66;22859437314,18;1101129246,58;23960566560,76;9,17;8,78;1,17;1,12;10,35;9,9;8,75
MA;2024;OK;2207088688,29;5755836,89;2212844525,18;316528163,77;0,0;316528163,77;2523616852,06;5755836,89;2529372688,95;27623349409,13;1134812054,89;28758161464,02;7,99;7,69;1,15;1,1;9,14;8,8;7,67
MG;2015;OK;12788757100,71;0,0;12788757100,71;2857511,02;0,0;2857511,02;12791614611,73;0,0;12791614611,73;69689840832,87;11104199806,27;80794040639,14;18,35;15,83;0,0;0,0;18,36;15,83;15,83
MG;2016;OK;13476355447,41;2152946804,43;15629302251,84;0,0;0,0;0,0;13476355447,41;2152946804,43;15629302251,84;69819752006,96;13545460056,82;83365212063,78;19,3;18,75;0,0;0,0;19,3;18,75;16,17
MG;2017;OK;14061121696,67;2256433386,54;16317555083,21;0,0;0,0;0,0;14061121696,67;2256433386,54;16317555083,21;75161713095,14;16968011316,82;92129724411,96;18,71;17,71;0,0;0,0;18,71;17,71;15,26
MG;2018;OK;14276773882,62;2332657722,61;16609431605,23;0,0;0,0;0,0;14276773882,62;2332657722,61;16609431605,23;80355691098,47;18025594317,1;98381285415,57;17,77;16,88;0,0;0,0;17,77;16,88;14,51
MG;2019;OK;14395520898,66;2356798657,71;16752319556,37;0,0;0,0;0,0;14395520898,66;2356798657,71;16752319556,37;86107525216,66;16918115145,17;103025640361,83;16,72;16,26;0,0;0,0;16,72;16,26;13,97
MG;2020;OK;14993280866,47;902438997,79;15895719864,259998;0,0;0,0;0,0;14993280866,47;902438997,79;15895719864,259998;90452283067,64;12376300043,48;102828583111,12;16,58;15,46;0,0;0,0;16,58;15,46;14,58
MG;2021;OK;15913135742,78;1195864033,53;17108999776,31;0,0;0,0;0,0;15913135742,78;1195864033,53;17108999776,31;103870449050,23;18010144185,44;121880593235,67;15,32;14,04;0,0;0,0;15,32;14,04;13,06
MG;2022;OK;18698237836,66;1290718741,69;19988956578,35;0,0;0,0;0,0;18698237836,66;1290718741,69;19988956578,35;92410079626,41;18629677338,63;111039756965,04;20,23;18,0;0,0;0,0;20,23;18,0;16,84
MG;2023;OK;18922940038,75;1422040867,99;20344980906,74;0,0;0,0;0,0;18922940038,75;1422040867,99;20344980906,74;95000347758,03;9810743586,59;104811091344,62;19,92;19,41;0,0;0,0;19,92;19,41;18,05
MG;2024;OK;19859711299,89;1964572119,59;21824283419,48;0,0;0,0;0,0;19859711299,89;1964572119,59;21824283419,48;102735416952,83;11690360767,32;114425777720,15;19,33;19,07;0,0;0,0;19,33;19,07;17,36
MS;2015;OK;1057123362,22;0,0;1057123362,22;146766107,55;0,0;146766107,55;1203889469,77;0,0;1203889469,77;11637592244,02;2024561445,52;13662153689,54;9,08;7,74;1,26;1,07;10,34;8,81;7,74
MS;2016;OK;1213709545,04;288101126,56;1501810671,6;229000201,72;24068235,16;253068436,88;1442709746,76;312169361,72;1754879108,48;10741484544,27;1267510171,15;12008994715,42;11,3;12,51;2,13;2,11;13,43;14,61;10,11
MS;2017;OK;1235268448,81;478361749,52;1713630198,33;219954761,35;28188929,57;248143690,92;1455223210,1599998;506550679,09;1961773889,25;11727150477,34;1765429359,47;13492579836,81;10,53;12,7;1,88;1,84;12,41;14,54;9,16
MS;2018;OK;1116194010,79;516170032,33;1632364043,12;217760652,8;40868343,9;258628996,7;1333954663,59;557038376,23;1890993039,82;11982211348,12;2016233255,02;13998444603,14;9,32;11,66;1,82;1,85;11,13;13,51;7,97
MS;2019;OK;1198526176,96;568113529,19;1766639706,15;229582445,78;35276837,55;264859283,33;1428108622,74;603390366,74;2031498989,48;12394592566,31;2326648104,36;14721240670,67;9,67;12,0;1,85;1,8;11,52;13,8;8,14
MS;2020;OK;1239098578,62;288103335,77;1527201914,39;295062899,31;39758420,68;334821319,99;1534161477,9299998;327861756,45;1862023234,38;13019449687,36;2065078374,87;15084528062,23;9,52;10,12;2,27;2,22;11,78;12,34;8,21
MS;2021;OK;1404733613,56;238630496,73;1643364110,29;325867701,33;49206230,01;375073931,34;1730601314,89;287836726,74;2018438041,63;15504036099,63;2149533019,38;17653569119,01;9,06;9,31;2,1;2,12;11,16;11,43;7,96
MS;2022;OK;1954103796,47;295579894,86;2249683691,33;265243767,31;22026264,55;287270031,86;2219347563,78;317606159,41;2536953723,19;20120655594,72;2268636334,54;22389291929,26;9,71;10,05;1,32;1,28;11,03;11,33;8,73
MS;2023;OK;2096097105,92;283535590,25;2379632696,17;219775541,27;754183,82;220529725,09;2315872647,19;284289774,07;2600162421,26;21581307009,98;1922946399,35;23504253409,33;9,71;10,12;1,02;0,94;10,73;11,06;8,92
MS;2024;OK;1842293218,72;195444143,35;2037737362,07;479389155,42;50465436,75;529854592,17;2321682374,14;245909580,1;2567591954,24;22388732403,22;2018021372,46;24406753775,68;8,23;8,35;2,14;2,17;10,37;10,52;7,55
MT;2015;OK;1376025071,24;0,0;1376025071,24;10872000,37;0,0;10872000,37;1386897071,61;0,0;1386897071,61;12294955076,94;1578364178,66;13873319255,6;11,19;9,92;0,09;0,08;11,28;10,0;9,92
MT;2016;OK;1759673246,81;333259537,43;2092932784,24;71426044,4;0,0;71426044,4;1831099291,21;333259537,43;2164358828,64;14222940083,31;2049487026,31;16272427109,62;12,37;12,86;0,5;0,44;12,87;13,3;10,81
MT;2017;OK;1852416215,9;341849855,71;2194266071,61;83522041,53;0,0;83522041,53;1935938257,43;341849855,71;2277788113,1400003;15760334906,49;1352003755,78;17112338662,27;11,75;12,82;0,53;0,49;12,28;13,31;10,83
MT;2018;OK;2004744755,39;384499347,85;2389244103,24;82390335,62;0,0;82390335,62;2087135091,01;384499347,85;2471634438,86;16415492419,89;1473863435,32;17889355855,21;12,21;13,36;0,5;0,46;12,71;13,82;11,21
MT;2019;OK;2367502201,9;456597837,12;2824100039,02;87481073,84;0,0;87481073,84;2454983275,74;456597837,12;2911581112,86;17715799207,53;1533840851,95;19249640059,48;13,36;14,67;0,49;0,45;13,86;15,13;12,3
MT;2020;OK;2473063944,07;325887515,19;2798951459,26;100623820,55;0,0;100623820,55;2573687764,6200004;325887515,19;2899575279,8100004;17122880512,44;1757562454,82;18880442967,26;14,44;14,82;0,59;0,53;15,03;15,36;13,1
MT;2021;OK;2746537613,83;336054074,62;3082591688,45;91228664,41;0,0;91228664,41;2837766278,24;336054074,62;3173820352,86;20792620708,21;2040547542,91;22833168251,12;13,21;13,5;0,44;0,4;13,65;13,9;12,03
MT;2022;OK;3220150997,38;385460870,9;3605611868,28;111590314,49;0,0;111590314,49;3331741311,87;385460870,9;3717202182,77;26603077575,77;2593733668,3;29196811244,07;12,1;12,35;0,42;0,38;12,52;12,73;11,03
MT;2023;OK;3520213912,88;425694443,32;3945908356,2;132663456,16;0,0;132663456,16;3652877369,04;425694443,32;4078571812,36;31159184152,96;2941681885,29;34100866038,25;11,3;11,57;0,43;0,39;11,72;11,96;10,32
MT;2024;OK;3892123071,94;456021063,04;4348144134,9800005;156323900,71;0,0;156323900,71;4048446972,65;456021063,04;4504468035,690001;33176046140,88;2934204094,38;36110250235,26;11,73;12,04;0,47;0,43;12,2;12,47;10,78
PA;2015;OK;2124729292,29;0,0;2124729292,29;0,0;0,0;0,0;2124729292,29;0,0;2124729292,29;19926025919,08;864850957,03;20790876876,11;10,66;10,22;0,0;0,0;10,66;10,22;10,22
PA;2016;OK;2220348191,37;14582717,73;2234930909,1;0,0;0,0;0,0;2220348191,37;14582717,73;2234930909,1;20519441147,52;959027360,83;21478468508,35;10,82;10,41;0,0;0,0;10,82;10,41;10,34
PA;2017;OK;2323451896,21;16821097,94;2340272994,15;0,0;0,0;0,0;2323451896,21;16821097,94;2340272994,15;21382952928,74;1135548732,5;22518501661,24;10,87;10,39;0,0;0,0;10,87;10,39;10,32
PA;2018;OK;2711131960,52;17441939,34;2728573899,86;0,0;0,0;0,0;2711131960,52;17441939,34;2728573899,86;24059931246,49;1380240633,63;25440171880,12;11,27;10,73;0,0;0,0;11,27;10,73;10,66
PA;2019;OK;2832033196,54;18499008,46;2850532205,0;0,0;0,0;0,0;2832033196,54;18499008,46;2850532205,0;24689072518,79;1271346749,33;25960419268,12;11,47;10,98;0,0;0,0;11,47;10,98;10,91
PA;2020;OK;2952598687,52;20434342,46;2973033029,98;0,0;0,0;0,0;2952598687,52;20434342,46;2973033029,98;28554000658,67;2042576053,93;30596576712,6;10,34;9,72;0,0;0,0;10,34;9,72;9,65
PA;2021;OK;3229269412,76;21979403,33;3251248816,09;0,0;0,0;0,0;3229269412,76;21979403,33;3251248816,09;33246722541,88;1582878069,31;34829600611,19;9,71;9,33;0,0;0,0;9,71;9,33;9,27
PA;2022;OK;4056231178,34;24839637,18;4081070815,52;0,0;0,0;0,0;4056231178,34;24839637,18;4081070815,52;35643769501,82;2481282581,32;38125052083,14;11,38;10,7;0,0;0,0;11,38;10,7;10,64
PA;2023;OK;4718838963,13;32157328,68;4750996291,81;0,0;0,0;0,0;4718838963,13;32157328,68;4750996291,81;40325242638,09;3420758941,93;43746001580,02;11,7;10,86;0,0;0,0;11,7;10,86;10,79
PA;2024;OK;5289023439,28;31376128,36;5320399567,639999;0,0;0,0;0,0;5289023439,28;31376128,36;5320399567,639999;44658993520,48;3784900078,72;48443893599,2;11,84;10,98;0,0;0,0;11,84;10,98;10,92
PB;2015;OK;909976812,61;0,0;909976812,61;1985003,13;0,0;1985003,13;911961815,74;0,0;911961815,74;8814524865,59;477131775,84;9291656641,43;10,32;9,79;0,02;0,02;10,35;9,81;9,79
PB;2016;OK;1082056430,96;109136691,58;1191193122,54;2426263,34;0,0;2426263,34;1084482694,3;109136691,58;1193619385,88;9009480741,48;488732436,73;9498213178,21;12,01;12,54;0,03;0,03;12,04;12,57;11,39
PB;2017;OK;1152515773,4;106737914,51;1259253687,91;3210327,88;0,0;3210327,88;1155726101,2800002;106737914,51;1262464015,7900002;9267790048,71;462226451,08;9730016499,79;12,44;12,94;0,03;0,03;12,47;12,97;11,84
PB;2018;OK;1263483457,0;106045475,52;1369528932,52;16780193,64;0,0;16780193,64;1280263650,64;106045475,52;1386309126,16;9892198363,08;475592355,04;10367790718,12;12,77;13,21;0,17;0,16;12,94;13,37;12,19
PB;2019;OK;1330366298,34;107359746,51;1437726044,85;13617871,83;0,0;13617871,83;1343984170,1699998;107359746,51;1451343916,6799998;9988521025,74;502418277,77;10490939303,51;13,32;13,7;0,14;0,13;13,46;13,83;12,68
PB;2020;OK;1398735056,95;110150900,6;1508885957,55;16586350,75;0,0;16586350,75;1415321407,7;110150900,6;1525472308,3;10202058313,97;526962596,27;10729020910,24;13,71;14,06;0,16;0,15;13,87;14,22;13,04
PB;2021;OK;1433380830,3;118037104,8;1551417935,1;7814995,71;0,0;7814995,71;1441195826,01;118037104,8;1559232930,81;11607781894,16;559306710,65;12167088604,81;12,35;12,75;0,07;0,06;12,42;12,82;11,78
PB;2022;OK;1756622202,34;152581174,93;1909203377,27;11490091,69;0,0;11490091,69;1768112294,03;152581174,93;1920693468,96;14715967210,84;702452629,34;15418419840,18;11,94;12,38;0,08;0,07;12,01;12,46;11,39
PB;2023;OK;1866161521,13;168800038,82;2034961559,95;22107135,32;0,0;22107135,32;1888268656,45;168800038,82;2057068695,27;16518420962,93;789783568,51;17308204531,44;11,3;11,76;0,13;0,13;11,43;11,88;10,78
PB;2024;OK;2074315646,91;196467461,09;2270783108,0;36703319,37;0,0;36703319,37;2111018966,28;196467461,09;2307486427,37;18880469163,8;863450331,67;19743919495,47;10,99;11,5;0,19;0,19;11,18;11,69;10,51
PE;2015;OK;2133617294,92;0,0;2133617294,92;113424726,3;0,0;113424726,3;2247042021,2200003;0,0;2247042021,2200003;25243857599,89;2959721644,68;28203579244,57;8,45;7,57;0,45;0,4;8,9;7,97;7,57
PE;2016;OK;2314708998,81;421051699,72;2735760698,53;133486492,05;0,0;133486492,05;2448195490,86;421051699,72;2869247190,58;26241394616,98;3850633376,61;30092027993,59;8,82;9,09;0,51;0,44;9,33;9,53;7,69
PE;2017;OK;2529880338,52;504507960,26;3034388298,78;174326129,4;0,0;174326129,4;2704206467,92;504507960,26;3208714428,18;28691232752,21;4629253692,24;33320486444,45;8,82;9,11;0,61;0,52;9,43;9,63;7,59
PE;2018;OK;2775175397,3;540966217,55;3316141614,8500004;157066774,1;0,0;157066774,1;2932242171,4;540966217,55;3473208388,9500003;29920423476,24;4839447645,89;34759871122,13;9,28;9,54;0,52;0,45;9,8;9,99;7,98
PE;2019;OK;2892252835,04;690032903,96;3582285739,0;144394323,19;0,0;144394323,19;3036647158,23;690032903,96;3726680062,19;31754225585,36;5425772002,52;37179997587,88;9,11;9,63;0,45;0,39;9,56;10,02;7,78
PE;2020;OK;2880151335,77;590708757,83;3470860093,6;128621177,11;0,0;128621177,11;3008772512,88;590708757,83;3599481270,71;32782010001,17;5792989427,67;38574999428,84;8,79;9,0;0,39;0,33;9,18;9,33;7,47
PE;2021;OK;2884598185,52;186036676,67;3070634862,19;125252809,54;0,0;125252809,54;3009850995,06;186036676,67;3195887671,73;37492423025,28;4755119878,58;42247542903,86;7,69;7,27;0,33;0,3;8,03;7,56;6,83
PE;2022;OK;3320671005,89;208064362,04;3528735367,93;164979145,66;0,0;164979145,66;3485650151,55;208064362,04;3693714513,59;46339934448,72;5086058283,64;51425992732,36;7,17;6,86;0,36;0,32;7,52;7,18;6,46
PE;2023;OK;3396404643,55;220821164,55;3617225808,1;108681741,79;0,0;108681741,79;3505086385,34;220821164,55;3725907549,89;46237594887,06;2634602272,74;48872197159,8;7,35;7,4;0,24;0,22;7,58;7,62;6,95
PE;2024;OK;3695934331,87;223813359,79;3919747691,66;198702789,82;0,0;198702789,82;3894637121,69;223813359,79;4118450481,48;46173592083,62;2741334074,84;48914926158,46;8,0;8,01;0,43;0,41;8,43;8,42;7,56
PI;2015;OK;225759749,07;0,0;225759749,07;34211268,2;0,0;34211268,2;259971017,27;0,0;259971017,27;7165606093,44;599290487,19;7764896580,63;3,15;2,91;0,48;0,44;3,63;3,35;2,91
PI;2016;OK;695096776,0;96238250,09;791335026,09;43131176,5;0,0;43131176,5;738227952,5;96238250,09;834466202,59;8399498053,29;901621170,63;9301119223,92;8,28;8,51;0,51;0,46;8,79;8,97;7,47
PI;2017;OK;707425633,34;105191693,18;812617326,52;60697040,14;0,0;60697040,14;768122673,48;105191693,18;873314366,66;8734167233,94;779099645,7;9513266879,64;8,1;8,54;0,69;0,64;8,79;9,18;7,44
PI;2018;OK;731363539,1;131126106,16;862489645,26;78926948,32;0,0;78926948,32;810290487,4200001;131126106,16;941416593,58;9465034223,49;878824274,05;10343858497,54;7,73;8,34;0,83;0,76;8,56;9,1;7,07
PI;2019;OK;851089755,17;181906404,31;1032996159,48;60068650,19;0,0;60068650,19;911158405,36;181906404,31;1093064809,67;11400400018,79;966518092,85;12366918111,64;7,47;8,35;0,53;0,49;7,99;8,84;6,88
PI;2020;OK;778257959,88;130577357,13;908835317,01;53298890,24;0,0;53298890,24;831556850,12;130577357,13;962134207,25;10793421795,14;1350681787,19;12144103582,33;7,21;7,48;0,49;0,44;7,7;7,92;6,41
PI;2021;OK;805179449,32;166292917,24;971472366,56;60099351,19;0,0;60099351,19;865278800,51;166292917,24;1031571717,75;12071726022,37;1504625683,17;13576351705,54;6,67;7,16;0,5;0,44;7,17;7,6;5,93
PI;2022;OK;957023498,46;164528520,01;1121552018,47;83973685,93;0,0;83973685,93;1040997184,39;164528520,01;1205525704,4;15204105124,89;1532491732,64;16736596857,53;6,29;6,7;0,55;0,5;6,85;7,2;5,72
PI;2023;OK;1068544224,81;181312573,88;1249856798,69;94072930,36;0,0;94072930,36;1162617155,1699998;181312573,88;1343929729,05;17031434723,69;1685136719,15;18716571442,84;6,27;6,68;0,55;0,5;6,83;7,18;5,71
PI;2024;OK;1634489939,24;226004831,27;1860494770,51;0,0;0,0;0,0;1634489939,24;226004831,27;1860494770,51;20209833380,24;1993121032,22;22202954412,46;8,09;8,38;0,0;0,0;8,09;8,38;7,36
PR;2015;OK;3200613195,89;0,0;3200613195,89;16322330,26;0,0;16322330,26;3216935526,15;0,0;3216935526,15;42029519649,63;0,0;42029519649,63;7,62;7,62;0,04;0,04;7,65;7,65;7,62
PR;2016;OK;3653990738,41;0,0;3653990738,41;157767715,21;0,0;157767715,21;3811758453,62;0,0;3811758453,62;49881386280,67;0,0;49881386280,67;7,33;7,33;0,32;0,32;7,64;7,64;7,33
PR;2017;OK;4005811767,0;0,0;4005811767,0;164170969,27;0,0;164170969,27;4169982736,27;0,0;4169982736,27;52372373517,14;0,0;52372373517,14;7,65;7,65;0,31;0,31;7,96;7,96;7,65
PR;2018;OK;3579358424,34;303206455,39;3882564879,73;137366798,2;15598388,58;152965186,78;3716725222,54;318804843,97;4035530066,51;46608186356,12;1878800173,79;48486986529,91;7,68;8,01;0,29;0,32;7,97;8,32;7,38
PR;2019;OK;3444551316,5;297412344,32;3741963660,82;152415595,52;16227707,04;168643302,56;3596966912,02;313640051,36;3910606963,38;47658177048,73;1796483510,08;49454660558,81;7,23;7,57;0,32;0,34;7,55;7,91;6,97
PR;2020;OK;3370586391,61;439772417,5;3810358809,11;23867619,33;25110,0;23892729,33;3394454010,94;439797527,5;3834251538,44;40178419279,67;3018874542,23;43197293821,9;8,39;8,82;0,06;0,06;8,45;8,88;7,8
PR;2021;OK;3459075698,3;489930639,11;3949006337,41;29004609,08;0,0;29004609,08;3488080307,38;489930639,11;3978010946,49;43096801482,17;3657623114,06;46754424596,23;8,03;8,45;0,07;0,06;8,09;8,51;7,4
PR;2022;OK;4338231292,14;543355850,03;4881587142,17;32810475,77;0,0;32810475,77;4371041767,910001;543355850,03;4914397617,940001;46962991440,5;4073708852,36;51036700292,86;9,24;9,56;0,07;0,06;9,31;9,63;8,5
PR;2023;OK;5283235009,36;637374694,75;5920609704,11;41797354,05;0,0;41797354,05;5325032363,41;637374694,75;5962407058,16;56303457629,92;5500567123,01;61804024752,93;9,38;9,58;0,07;0,07;9,46;9,65;8,55
PR;2024;OK;5816315506,77;705071278,9;6521386785,67;53243528,63;0,0;53243528,63;5869559035,400001;705071278,9;6574630314,3;63812465125,82;4301014332,61;68113479458,43;9,11;9,57;0,08;0,08;9,2;9,65;8,54
RJ;2015;OK;8627506653,44;0,0;8627506653,44;0,0;0,0;0,0;8627506653,44;0,0;8627506653,44;61906157120,27;3725207594,33;65631364714,6;13,94;13,15;0,0;0,0;13,94;13,15;13,15
RJ;2016;OK;9154615319,0;1342072222,0;10496687541,0;0,0;0,0;0,0;9154615319,0;1342072222,0;10496687541,0;56459837347,0;4007303525,0;60467140872,0;16,21;17,36;0,0;0,0;16,21;17,36;15,14
RJ;2017;OK;8552219680,0;1424951918,0;9977171598,0;0,0;0,0;0,0;8552219680,0;1424951918,0;9977171598,0;60398286601,0;7312470518,0;67710757119,0;14,16;14,73;0,0;0,0;14,16;14,73;12,63
RJ;2018;OK;9461473976,0;1692737178,0;11154211154,0;0,0;0,0;0,0;9461473976,0;1692737178,0;11154211154,0;61316681183,48;5025624622,33;66342305805,81;15,43;16,81;0,0;0,0;15,43;16,81;14,26
RJ;2019;OK;9654124450,0;1852765369,0;11506889819,0;0,0;0,0;0,0;9654124450,0;1852765369,0;11506889819,0;59059033457,0;7498165052,0;66557198509,0;16,35;17,29;0,0;0,0;16,35;17,29;14,51
RJ;2020;OK;9317466849,68;705758289,57;10023225139,25;0,0;0,0;0,0;9317466849,68;705758289,57;10023225139,25;59341251886,97;4610164328,67;63951416215,64;15,7;15,67;0,0;0,0;15,7;15,67;14,57
RJ;2021;OK;9802587724,05;699538979,28;10502126703,33;0,0;0,0;0,0;9802587724,05;699538979,28;10502126703,33;70998207050,63;5869535589,49;76867742640,12;13,81;13,66;0,0;0,0;13,81;13,66;12,75
RJ;2022;OK;13651511239,35;946379605,46;14597890844,81;0,0;0,0;0,0;13651511239,35;946379605,46;14597890844,81;86542009514,32;6347842257,03;92889851771,35;15,77;15,72;0,0;0,0;15,77;15,72;14,7
RJ;2023;OK;15180231055,08;990427667,16;16170658722,24;0,0;0,0;0,0;15180231055,08;990427667,16;16170658722,24;93494116343,28;7172349770,9;100666466114,18;16,24;16,06;0,0;0,0;16,24;16,06;15,08
RJ;2024;OK;15757207716,73;736235012,12;16493442728,85;0,0;0,0;0,0;15757207716,73;736235012,12;16493442728,85;99267937429,71;7994680383,29;107262617813,0;15,87;15,38;0,0;0,0;15,87;15,38;14,69
RN;2015;OK;794089321,19;0,0;794089321,19;43715956,31;0,0;43715956,31;837805277,5;0,0;837805277,5;9785419993,57;794869880,72;10580289874,29;8,12;7,51;0,45;0,41;8,56;7,92;7,51
RN;2016;OK;885254261,69;167618763,43;1052873025,12;40969527,27;0,0;40969527,27;926223788,96;167618763,43;1093842552,39;8988718703,72;890628826,66;9879347530,38;9,85;10,66;0,46;0,41;10,3;11,07;8,96
RN;2017;OK;858659061,72;159656154,86;1018315216,58;39899087,69;0,0;39899087,69;898558149,4100001;159656154,86;1058214304,27;9670754551,03;1114479214,26;10785233765,29;8,88;9,44;0,41;0,37;9,29;9,81;7,96
RN;2018;OK;961445798,66;167552405,42;1128998204,08;55157602,95;0,0;55157602,95;1016603401,61;167552405,42;1184155807,03;10293074575,51;1393858861,78;11686933437,29;9,34;9,66;0,54;0,47;9,88;10,13;8,23
RN;2019;OK;1090534387,19;205018243,51;1295552630,7;83509319,64;0,0;83509319,64;1174043706,8300002;205018243,51;1379061950,3400002;10782844658,59;1508839188,92;12291683847,51;10,11;10,54;0,77;0,68;10,89;11,22;8,87
RN;2020;OK;1024288412,7;201904248,72;1226192661,42;59398301,32;0,0;59398301,32;1083686714,02;201904248,72;1285590962,74;11349992250,89;1592685411,93;12942677662,82;9,02;9,47;0,52;0,46;9,55;9,93;7,91
RN;2021;OK;1186634040,14;229904681,62;1416538721,7600002;78936317,63;0,0;78936317,63;1265570357,77;229904681,62;1495475039,3900003;12518354631,41;1943088132,22;14461442763,63;9,48;9,8;0,63;0,55;10,11;10,34;8,21
RN;2022;OK;1347601639,86;253139698,05;1600741337,9099998;81510803,45;0,0;81510803,45;1429112443,31;253139698,05;1682252141,36;14951348585,57;2157095352,83;17108443938,4;9,01;9,36;0,55;0,48;9,56;9,83;7,88
RN;2023;OK;2305933981,19;76840817,77;2382774798,96;92998436,97;568,32;92999005,29;2398932418,16;76841386,08999999;2475773804,25;16861967298,85;2193472122,63;19055439421,48;13,68;12,5;0,55;0,49;14,23;12,99;12,1
RN;2024;OK;2377464823,31;83081003,42;2460545826,73;96837146,55;5520,84;96842667,39;2474301969,86;83086524,26;2557388494,12;18735308695,78;2297652989,74;21032961685,52;12,69;11,7;0,52;0,46;13,21;12,16;11,3
RO;2015;OK;911162930,16;0,0;911162930,16;0,0;0,0;0,0;911162930,16;0,0;911162930,16;5514125733,31;200127622,78;5714253356,09;16,52;15,95;0,0;0,0;16,52;15,95;15,95
RO;2016;OK;723414364,18;51659759,44;775074123,6199999;0,0;0,0;0,0;723414364,18;51659759,44;775074123,6199999;5910222682,5;217286294,88;6127508977,38;12,24;12,65;0,0;0,0;12,24;12,65;11,81
RO;2017;OK;779523753,27;62488306,08;842012059,35;0,0;0,0;0,0;779523753,27;62488306,08;842012059,35;6436554966,82;271449824,55;6708004791,37;12,11;12,55;0,0;0,0;12,11;12,55;11,62
RO;2018;OK;815249423,68;70893247,55;886142671,2299999;0,0;0,0;0,0;815249423,68;70893247,55;886142671,2299999;6910437765,78;282159198,81;7192596964,59;11,8;12,32;0,0;0,0;11,8;12,32;11,33
RO;2019;OK;813715399,14;81776136,15;895491535,29;0,0;0,0;0,0;813715399,14;81776136,15;895491535,29;6875270547,11;330264294,98;7205534842,09;11,84;12,43;0,0;0,0;11,84;12,43;11,29
RO;2020;OK;971864351,59;29879978,31;1001744329,9;77064675,43;0,0;77064675,43;1048929027,02;29879978,31;1078809005,33;7136579700,41;296622528,64;7433202229,05;13,62;13,48;1,08;1,04;14,7;14,51;13,07
RO;2021;OK;1039152456,91;34172603,76;1073325060,67;80562637,78;1383,5;80564021,28;1119715094,69;34173987,26;1153889081,95;7949948350,03;335629834,8;8285578184,83;13,07;12,95;1,01;0,97;14,08;13,93;12,54
RO;2022;OK;1483588503,9;53626127,43;1537214631,3300002;95709086,46;25732,4;95734818,86;1579297590,36;53651859,83;1632949450,19;10504635662,66;721248403,91;11225884066,57;14,12;13,69;0,91;0,85;15,03;14,55;13,22
RO;2023;OK;1558579692,49;50432162,47;1609011854,96;127425417,64;73131,4;127498549,04;1686005110,13;50505293,87;1736510404,0;11146330273,53;749279269,77;11895609543,3;13,98;13,53;1,14;1,07;15,13;14,6;13,1
RO;2024;OK;1807641550,45;58812607,43;1866454157,88;123326249,64;0,0;123326249,64;1930967800,09;58812607,43;1989780407,52;12905286014,72;1118970778,01;14024256792,73;14,01;13,31;0,96;0,88;14,96;14,19;12,89
RR;2015;OK;292047483,8;0,0;292047483,8;21555426,12;0,0;21555426,12;313602909,92;0,0;313602909,92;2904249217,1;126086409,0;3030335626,1;10,06;9,64;0,74;0,71;10,8;10,35;9,64
RR;2016;OK;337494547,83;12296297,87;349790845,7;22885456,8;0,0;22885456,8;360380004,63;12296297,87;372676302,5;3096542774,61;109716990,27;3206259764,88;10,9;10,91;0,74;0,71;11,64;11,62;10,53
RR;2017;OK;383725591,56;8056585,74;391782177,3;21019049,76;1661829,61;22680879,37;404744641,32;9718415,35;414463056,67;3555491691,14;96093407,86;3651585099,0;10,79;10,73;0,59;0,62;11,38;11,35;10,51
RR;2018;OK;358722520,14;17628051,63;376350571,77;11733509,63;0,0;11733509,63;370456029,77;17628051,63;388084081,4;3015160414,99;92542991,32;3107703406,31;11,9;12,11;0,39;0,38;12,29;12,49;11,54
RR;2019;OK;250575691,39;21314362,16;271890053,55;35897905,83;0,0;35897905,83;286473597,22;21314362,16;307787959,38;3402106960,17;167174361,31;3569281321,48;7,37;7,62;1,06;1,01;8,42;8,62;7,02
RR;2020;OK;378939248,6;35325481,6;414264730,2000001;35181035,96;0,0;35181035,96;414120284,56;35325481,6;449445766,16;3533060012,41;170569778,31;3703629790,72;10,73;11,19;1,0;0,95;11,72;12,14;10,23
RR;2021;OK;477594797,33;39980740,88;517575538,21;34728235,36;0,0;34728235,36;512323032,69;39980740,88;552303773,5699999;4480366004,51;215461139,28;4695827143,79;10,66;11,02;0,78;0,74;11,43;11,76;10,17
RR;2022;OK;588909722,01;49190162,82;638099884,83;33360526,34;0,0;33360526,34;622270248,35;49190162,82;671460411,1700001;6447862088,89;250864475,89;6698726564,78;9,13;9,53;0,52;0,5;9,65;10,02;8,79
RR;2023;OK;705746482,86;55732896,85;761479379,71;37155854,21;0,0;37155854,21;742902337,07;55732896,85;798635233,9200001;6884745714,58;280160632,78;7164906347,36;10,25;10,63;0,54;0,52;10,79;11,15;9,85
RR;2024;OK;766040281,38;63185187,58;829225468,96;38716697,07;0,0;38716697,07;804756978,45;63185187,58;867942166,0300001;7803738678,1;441018722,66;8244757400,76;9,82;10,06;0,5;0,47;10,31;10,53;9,29
RS;2015;OK;3005605326,03;0,0;3005605326,03;0,0;0,0;0,0;3005605326,03;0,0;3005605326,03;44996319988,33;9594049158,21;54590369146,54;6,68;5,51;0,0;0,0;6,68;5,51;5,51
RS;2016;OK;3278888397,51;327085,04;3279215482,55;0,0;0,0;0,0;3278888397,51;327085,04;3279215482,55;46134418367,76;10465771991,1;56600190358,86;7,11;5,79;0,0;0,0;7,11;5,79;5,79
RS;2017;OK;3709976464,17;304403,98;3710280868,15;0,0;0,0;0,0;3709976464,17;304403,98;3710280868,15;49356997411,44;12288382888,41;61645380299,85;7,52;6,02;0,0;0,0;7,52;6,02;6,02
RS;2018;OK;4344391578,55;4318028612,23;8662420190,779999;0,0;0,0;0,0;4344391578,55;4318028612,23;8662420190,779999;55083259446,37;13207673891,85;68290933338,22;7,89;12,68;0,0;0,0;7,89;12,68;6,36
RS;2019;OK;4757558851,85;63097674,08;4820656525,93;0,0;0,0;0,0;4757558851,85;63097674,08;4820656525,93;57213112761,43;15595926781,61;72809039543,04;8,32;6,62;0,0;0,0;8,32;6,62;6,53
RS;2020;OK;5290862234,18;516500,16;5291378734,34;0,0;0,0;0,0;5290862234,18;516500,16;5291378734,34;46327874940,76;16698814333,94;63026689274,7;11,42;8,4;0,0;0,0;11,42;8,4;8,39
RS;2021;OK;5513399328,83;4952,49;5513404281,32;0,0;0,0;0,0;5513399328,83;4952,49;5513404281,32;51853752441,98;16315404135,18;68169156577,16;10,63;8,09;0,0;0,0;10,63;8,09;8,09
RS;2022;OK;6486335959,62;103190,45;6486439150,07;0,0;0,0;0,0;6486335959,62;103190,45;6486439150,07;51242027507,14;16536208589,1;67778236096,24;12,66;9,57;0,0;0,0;12,66;9,57;9,57
RS;2023;OK;6278051714,42;306966,17;6278358680,59;0,0;0,0;0,0;6278051714,42;306966,17;6278358680,59;57604746817,03;17167338716,76;74772085533,79;10,9;8,4;0,0;0,0;10,9;8,4;8,4
RS;2024;OK;6276660596,44;166097,63;6276826694,07;0,0;0,0;0,0;6276660596,44;166097,63;6276826694,07;59448877020,62;17221429762,18;76670306782,8;10,56;8,19;0,0;0,0;10,56;8,19;8,19
SC;2015;OK;1985602829,63;0,0;1985602829,63;197943426,51;0,0;197943426,51;2183546256,1400003;0,0;2183546256,1400003;21203600107,57;1320610591,18;22524210698,75;9,36;8,82;0,93;0,88;10,3;9,69;8,82
SC;2016;OK;2135862573,92;430765728,3;2566628302,2200003;661554510,26;51193783,91;712748294,17;2797417084,1800003;481959512,21;3279376596,3900003;22077125895,49;1560375436,98;23637501332,47;9,67;10,86;3,0;3,02;12,67;13,87;9,04
SC;2017;OK;2195018385,18;439749261,17;2634767646,35;275683317,6;1063630,12;276746947,72;2470701702,78;440812891,29;2911514594,07;23288157921,65;1633052099,04;24921210020,69;9,43;10,57;1,18;1,11;10,61;11,68;8,81
SC;2018;OK;2272593168,12;467424622,88;2740017791,0;303481049,41;3565885,25;307046934,66;2576074217,53;470990508,13;3047064725,66;24671934218,11;1755643308,87;26427577526,98;9,21;10,37;1,23;1,16;10,44;11,53;8,6
SC;2019;OK;2255215261,78;513705828,74;2768921090,5200005;294542086,59;3580900,09;298122986,67999995;2549757348,3700004;517286728,83;3067044077,2000003;25339436076,16;1918086226,33;27257522302,49;8,9;10,16;1,16;1,09;10,06;11,25;8,27
SC;2020;OK;2351318096,13;245546068,18;2596864164,31;276673577,91;5262178,02;281935755,93;2627991674,04;250808246,2;2878799920,24;25739700773,72;1657226838,14;27396927611,86;9,13;9,48;1,07;1,03;10,21;10,51;8,58
SC;2021;OK;2498076276,62;259430954,34;2757507230,96;265688186,73;5819023,6;271507210,33;2763764463,35;265249977,94;3029014441,29;30632913136,28;1726094725,84;32359007862,12;8,15;8,52;0,87;0,84;9,02;9,36;7,72
SC;2022;OK;3182366403,13;308044742,84;3490411145,9700003;308728806,98;10648935,93;319377742,91;3491095210,11;318693678,77;3809788888,88;39901016488,14;2042892961,75;41943909449,89;7,98;8,32;0,77;0,76;8,75;9,08;7,59
SC;2023;OK;3185564985,86;323211789,51;3508776775,37;316970865,28;1246648,55;318217513,83;3502535851,1400003;324458438,06;3826994289,2;40177913208,6;2169760521,62;42347673730,22;7,93;8,29;0,79;0,75;8,72;9,04;7,52
SC;2024;OK;3368498204,53;328019580,38;3696517784,91;299965460,94;3130495,89;303095956,83;3668463665,47;331150076,27;3999613741,74;45739708452,68;2184568340,15;47924276792,83;7,36;7,71;0,66;0,63;8,02;8,35;7,03
SE;2015;OK;784087746,99;0,0;784087746,99;40462895,04;0,0;40462895,04;824550642,03;0,0;824550642,03;6943620598,27;565454605,73;7509075204,0;11,29;10,44;0,58;0,54;11,87;10,98;10,44
SE;2016;OK;820592198,04;133472705,81;954064903,85;51757499,11;0,0;51757499,11;872349697,15;133472705,81;1005822402,96;7197728872,02;579341925,36;7777070797,38;11,4;12,27;0,72;0,67;12,12;12,93;10,55
SE;2017;OK;845584455,32;169489889,9;1015074345,22;70539332,04;0,0;70539332,04;916123787,36;169489889,9;1085613677,26;7792392973,46;702534226,5;8494927199,96;10,85;11,95;0,91;0,83;11,76;12,78;9,95
SE;2018;OK;892986186,11;187519677,37;1080505863,48;96674574,15;0,0;96674574,15;989660760,26;187519677,37;1177180437,63;8038003476,82;749817354,36;8787820831,18;11,11;12,3;1,2;1,1;12,31;13,4;10,16
SE;2019;OK;958348463,78;191824788,92;1150173252,7;119685667,95;0,0;119685667,95;1078034131,73;191824788,92;1269858920,65;8778241596,5;758523161,52;9536764758,02;10,92;12,06;1,36;1,25;12,28;13,32;10,05
SE;2020;OK;956459853,46;101265231,46;1057725084,92;85217129,19;0,0;85217129,19;1041676982,65;101265231,46;1142942214,11;9025254986,8;865745252,88;9891000239,68;10,6;10,69;0,94;0,86;11,54;11,56;9,67
SE;2021;OK;1504447958,71;88485798,89;1592933757,6;132739068,02;0,0;132739068,02;1637187026,73;88485798,89;1725672825,62;9864758297,4;1115417257,91;10980175555,31;15,25;14,51;1,35;1,21;16,6;15,72;13,7
SE;2022;OK;1252127303,32;82180397,34;1334307700,6599998;132754576,27;0,0;132754576,27;1384881879,59;82180397,34;1467062276,9299998;12112160186,72;859178376,95;12971338563,67;10,34;10,29;1,1;1,02;11,43;11,31;9,65
SE;2023;OK;1253989287,06;90142820,18;1344132107,24;112433330,66;0,0;112433330,66;1366422617,72;90142820,18;1456565437,9;12478946191,57;794146414,21;13273092605,78;10,05;10,13;0,9;0,85;10,95;10,97;9,45
SE;2024;OK;1700732452,09;124098135,25;1824830587,34;0,0;0,0;0,0;1700732452,09;124098135,25;1824830587,34;14600699729,56;890123943,64;15490823673,2;11,65;11,78;0,0;0,0;11,65;11,78;10,98
SP;2015;OK;11197084726,14;0,0;11197084726,14;2955581253,86;0,0;2955581253,86;14152665980,0;0,0;14152665980,0;192086087235,69;25918138752,58;218004225988,27;5,83;5,14;1,54;1,36;7,37;6,49;5,14
SP;2016;OK;10930825568,65;8656753117,48;19587578686,13;3090015920,15;389506644,06;3479522564,21;14020841488,8;9046259761,54;23067101250,34;188996422536,44;26966226708,5;215962649244,94;5,78;9,07;1,63;1,61;7,42;10,68;5,06
SP;2017;OK;11473029302,61;8871248221,04;20344277523,65;3115274953,98;404154743,5;3519429697,48;14588304256,59;9275402964,54;23863707221,13;200282530941,11;27922274820,35;228204805761,46;5,73;8,91;1,56;1,54;7,28;10,46;5,03
SP;2018;OK;11325847798,33;9590155192,31;20916002990,64;3175006713,35;429839801,56;3604846514,91;14500854511,68;10019994993,87;24520849505,55;209644961505,39;29776000273,37;239420961778,76;5,4;8,74;1,51;1,51;6,92;10,24;4,73
SP;2019;OK;11800303005,15;10056928484,35;21857231489,5;3230561069,0;443671222,12;3674232291,12;15030864074,15;10500599706,47;25531463780,62;223311168743,96;31616410119,63;254927578863,59;5,28;8,57;1,45;1,44;6,73;10,02;4,63
SP;2020;OK;11638997394,66;13274397898,81;24913395293,47;3286333794,92;499561413,86;3785895208,78;14925331189,58;13773959312,67;28699290502,25;216731567288,5;36521624597,26;253253191885,76;5,37;9,84;1,52;1,49;6,89;11,33;4,6
SP;2021;OK;12616229094,01;7002544457,42;19618773551,43;3269366589,56;512126286,14;3781492875,7;15885595683,57;7514670743,56;23400266427,13;258882561853,38;26228640038,6;285111201891,98;4,87;6,88;1,26;1,33;6,14;8,21;4,43
SP;2022;OK;13914347576,37;11142423446,74;25056771023,11;3755868567,52;592732954,06;4348601521,58;17670216143,89;11735156400,8;29405372544,69;299510870732,2;35304496502,03;334815367234,23;4,65;7,48;1,25;1,3;5,9;8,78;4,16
SP;2023;OK;15168498886,5;953183858,2;16121682744,7;4049760506,51;628861950,46;4678622456,97;19218259393,01;1582045808,66;20800305201,67;302650959137,89;16869456459,18;319520415597,07;5,01;5,05;1,34;1,46;6,35;6,51;4,75
SP;2024;OK;16336935192,76;1047673656,3;17384608849,06;4425011338,63;637630484,14;5062641822,77;20761946531,39;1685304140,44;22447250671,83;335692614882,49;17581670394,76;353274285277,25;4,87;4,92;1,32;1,43;6,18;6,35;4,62
TO;2015;OK;629948561,89;0,0;629948561,89;53810550,81;0,0;53810550,81;683759112,7;0,0;683759112,7;6823955762,6;508146613,0;7332102375,6;9,23;8,59;0,79;0,73;10,02;9,33;8,59
TO;2016;OK;728928896,44;78958731,1;807887627,5400001;66151359,98;0,0;66151359,98;795080256,4200001;78958731,1;874038987,5200001;7838456286,43;527200020,92;8365656307,35;9,3;9,66;0,84;0,79;10,14;10,45;8,71
TO;2017;OK;797250754,8;43214347,09;840465101,89;82867879,35;0,0;82867879,35;880118634,15;43214347,09;923332981,24;8119606914,23;516934634,66;8636541548,89;9,82;9,73;1,02;0,96;10,84;10,69;9,23
TO;2018;OK;869454361,74;11389101,44;880843463,1800001;66840978,13;0,0;66840978,13;936295339,87;11389101,44;947684441,31;7877689912,78;463268211,93;8340958124,71;11,04;10,56;0,85;0,8;11,89;11,36;10,42
TO;2019;OK;1070221091,23;11396742,03;1081617833,26;0,0;0,0;0,0;1070221091,23;11396742,03;1081617833,26;8392270767,41;536087271,03;8928358038,44;12,75;12,11;0,0;0,0;12,75;12,11;11,99
TO;2020;OK;1044000277,1;79884164,7;1123884441,8;0,0;0,0;0,0;1044000277,1;79884164,7;1123884441,8;8954349888,53;1106650555,09;10061000443,62;11,66;11,17;0,0;0,0;11,66;11,17;10,38
TO;2021;OK;1022460831,98;100795294,97;1123256126,95;96131884,23;0,0;96131884,23;1118592716,21;100795294,97;1219388011,18;10090157530,49;963976477,73;11054134008,22;10,13;10,16;0,95;0,87;11,09;11,03;9,25
TO;2022;OK;1121375003,03;315128743,06;1436503746,09;105219794,22;3000000,0;108219794,22;1226594797,25;318128743,06;1544723540,31;12196684645,11;1738500301,14;13935184946,25;9,19;10,31;0,86;0,78;10,06;11,09;8,05
TO;2023;OK;1264758059,02;253190489,01;1517948548,03;118959139,11;0,0;118959139,11;1383717198,13;253190489,01;1636907687,14;13827024056,58;1355812280,58;15182836337,16;9,15;10,0;0,86;0,78;10,01;10,78;8,33
TO;2024;OK;1413511634,15;287996676,26;1701508310,41;116344634,48;0,0;116344634,48;1529856268,63;287996676,26;1817852944,89;15609747328,55;1459535839,78;17069283168,33;9,06;9,97;0,75;0,68;9,8;10,65;8,28
AC;2025;OK;1217435052,91;197152667,68;1414587720,5900002;372061,87;0,0;372061,87;1217807114,78;197152667,68;1414959782,46;12095627923,79;846394430,4;12942022354,19;10,07;10,93;0,0;0,0;10,07;10,93;9,41
AC;2026;SEM_DADOS;;;;;;;;;;;;;;;;;;;
AL;2025;OK;2491360462,39;109562241,47;2600922703,8599997;103633177,31;0,0;103633177,31;2594993639,7;109562241,47;2704555881,1699996;19107334864,17;1062871672,74;20170206536,91;13,04;12,89;0,54;0,51;13,58;13,41;12,35
AL;2026;SEM_DADOS;;;;;;;;;;;;;;;;;;;
AM;2025;OK;3308853720,15;126757381,29;3435611101,44;504984310,57;0,0;504984310,57;3813838030,7200003;126757381,29;3940595412,01;34908824546,52;1043312118,82;35952136665,34;9,48;9,56;1,45;1,4;10,93;10,96;9,2
AM;2026;OK;1126617335,66;43841694,12;1170459029,78;210058882,13;0,0;210058882,13;1336676217,79;43841694,12;1380517911,9099998;11016822395,3;324870384,48;11341692779,78;10,23;10,32;1,91;1,85;12,13;12,17;9,93
AP;2025;OK;1117275244,43;0,0;1117275244,43;51828315,26;0,0;51828315,26;1169103559,69;0,0;1169103559,69;10630591948,68;180866401,44;10811458350,12;10,51;10,33;0,49;0,48;11,0;10,81;10,33
AP;2026;SEM_DADOS;;;;;;;;;;;;;;;;;;;
BA;2025;OK;7393968016,22;470257166,59;7864225182,81;709897012,23;38985410,69;748882422,9200001;8103865028,450001;509242577,28;8613107605,73;75791294832,79;3776998913,88;79568293746,67;9,76;9,88;0,94;0,94;10,69;10,82;9,29
BA;2026;SEM_DADOS;;;;;;;;;;;;;;;;;;;
CE;2025;OK;5225610147,55;936623332,93;6162233480,4800005;0,0;0,0;0,0;5225610147,55;936623332,93;6162233480,4800005;45657720589,22;3388288838,94;49046009428,16;11,45;12,56;0,0;0,0;11,45;12,56;10,65
CE;2026;SEM_DADOS;;;;;;;;;;;;;;;;;;;
DF;2025;OK;1594483291,07;186027877,32;1780511168,3899999;60005944,05;2355257,2;62361201,25;1654489235,12;188383134,51999998;1842872369,6399999;38739291802,65;3630968258,78;42370260061,43;4,12;4,2;0,15;0,15;4,27;4,35;3,76
DF;2026;SEM_DADOS;;;;;;;;;;;;;;;;;;;
ES;2025;OK;2805718134,6;71196952,58;2876915087,18;378874773,62;366902,24;379241675,86;3184592908,22;71563854,82;3256156763,04;28869520320,34;442619190,86;29312139511,2;9,72;9,81;1,31;1,29;11,03;11,11;9,57
ES;2026;SEM_DADOS;;;;;;;;;;;;;;;;;;;
GO;2025;OK;4914758516,7;232991322,75;5147749839,45;297944449,83;0,0;297944449,83;5212702966,53;232991322,75;5445694289,28;50643287624,28;1951741178,93;52595028803,21;9,7;9,79;0,59;0,57;10,29;10,35;9,34
GO;2026;SEM_DADOS;;;;;;;;;;;;;;;;;;;
MA;2025;OK;2357732611,13;6230604,74;2363963215,87;371822503,76;0,0;371822503,76;2729555114,8900003;6230604,74;2735785719,63;33007920572,48;1206211641,92;34214132214,4;7,14;6,91;1,13;1,09;8,27;8,0;6,89
MA;2026;SEM_DADOS;;;;;;;;;;;;;;;;;;;
MG;2025;OK;21026225140,75;4351938505,34;25378163646,09;0,0;0,0;0,0;21026225140,75;4351938505,34;25378163646,09;113093249667,93;14019342512,46;127112592180,39;18,59;19,97;0,0;0,0;18,59;19,97;16,54
MG;2026;SEM_DADOS;;;;;;;;;;;;;;;;;;;
MS;2025;OK;2005273951,55;264747300,05;2270021251,6;460494464,33;63559805,04;524054269,37;2465768415,88;328307105,09000003;2794075520,97;23758057458,81;2565846097,63;26323903556,44;8,44;8,62;1,94;1,99;10,38;10,61;7,62
MS;2026;SEM_DADOS;;;;;;;;;;;;;;;;;;;
MT;2025;OK;3688730481,8;371860016,82;4060590498,6200004;197509392,74;0,0;197509392,74;3886239874,54;371860016,82;4258099891,3600006;36244986890,11;3169465809,86;39414452699,97;10,18;10,3;0,54;0,5;10,72;10,8;9,36
MT;2026;SEM_DADOS;;;;;;;;;;;;;;;;;;;
PA;2025;OK;5481472865,04;48616803,59;5530089668,63;0,0;0,0;0,0;5481472865,04;48616803,59;5530089668,63;48726774346,87;3953628433,31;52680402780,18;11,25;10,5;0,0;0,0;11,25;10,5;10,41
PA;2026;SEM_DADOS;;;;;;;;;;;;;;;;;;;
PB;2025;OK;2366332467,24;236452276,4;2602784743,64;34794392,96;0,0;34794392,96;2401126860,2;236452276,4;2637579136,6;22564333416,47;961858116,36;23526191532,83;10,49;11,06;0,15;0,15;10,64;11,21;10,06
PB;2026;SEM_DADOS;;;;;;;;;;;;;;;;;;;
PE;2025;OK;4042854306,18;236079212,96;4278933519,14;262964633,2;0,0;262964633,2;4305818939,38;236079212,96;4541898152,34;52495420632,58;2913559982,31;55408980614,89;7,7;7,72;0,5;0,47;8,2;8,2;7,3
PE;2026;SEM_DADOS;;;;;;;;;;;;;;;;;;;
PI;2025;OK;1897196008,81;245453330,62;2142649339,4299998;0,0;0,0;0,0;1897196008,81;245453330,62;2142649339,4299998;27795682348,07;2135346714,42;29931029062,49;6,83;7,16;0,0;0,0;6,83;7,16;6,34
PI;2026;SEM_DADOS;;;;;;;;;;;;;;;;;;;
PR;2025;OK;6789840244,25;818114595,7;7607954839,95;60068873,09;0,0;60068873,09;6849909117,34;818114595,7;7668023713,04;72506278394,55;4548905925,56;77055184320,11;9,36;9,87;0,08;0,08;9,45;9,95;8,81
PR;2026;SEM_DADOS;;;;;;;;;;;;;;;;;;;
RJ;2025;OK;16860215381,27;812430488,57;17672645869,84;0,0;0,0;0,0;16860215381,27;812430488,57;17672645869,84;105892236725,44;9100502356,34;114992739081,78;15,92;15,37;0,0;0,0;15,92;15,37;14,66
RJ;2026;SEM_DADOS;;;;;;;;;;;;;;;;;;;
RN;2025;OK;1888102012,41;95387686,46;1983489698,8700001;103848385,11;0,0;103848385,11;1991950397,52;95387686,46;2087338083,98;20696574215,2;2664925314,43;23361499529,63;9,12;8,49;0,5;0,44;9,62;8,93;8,08
RN;2026;SEM_DADOS;;;;;;;;;;;;;;;;;;;
RO;2025;OK;2108588299,78;71506076,87;2180094376,65;140588840,11;0,0;140588840,11;2249177139,89;71506076,87;2320683216,76;14759760481,63;1191483303,52;15951243785,15;14,29;13,67;0,95;0,88;15,24;14,55;13,22
RO;2026;SEM_DADOS;;;;;;;;;;;;;;;;;;;
RR;2025;OK;947403072,7;80640040,46;1028043113,1600001;48253199,13;0,0;48253199,13;995656271,83;80640040,46;1076296312,2900002;8387511865,39;344974197,44;8732486062,83;11,3;11,77;0,58;0,55;11,87;12,33;10,85
RR;2026;SEM_DADOS;;;;;;;;;;;;;;;;;;;
RS;2025;OK;7997603463,8;83236,75;7997686700,55;0,0;0,0;0,0;7997603463,8;83236,75;7997686700,55;64584536446,98;17633751220,7;82218287667,68;12,38;9,73;0,0;0,0;12,38;9,73;9,73
RS;2026;SEM_DADOS;;;;;;;;;;;;;;;;;;;
SC;2025;OK;3724005646,16;346692208,22;4070697854,38;369400329,18;118465,0;369518794,18;4093405975,3399997;346810673,22;4440216648,56;52039082767,27;2342188374,62;54381271141,89;7,16;7,49;0,71;0,68;7,87;8,16;6,85
SC;2026;SEM_DADOS;;;;;;;;;;;;;;;;;;;
SE;2025;OK;1906725325,65;137527990,5;2044253316,15;0,0;0,0;0,0;1906725325,65;137527990,5;2044253316,15;17255879333,07;940957923,57;18196837256,64;11,05;11,23;0,0;0,0;11,05;11,23;10,48
SE;2026;SEM_DADOS;;;;;;;;;;;;;;;;;;;
SP;2025;OK;17697921882,41;1088572979,0;18786494861,41;4976665588,51;715504749,08;5692170337,59;22674587470,92;1804077728,08;24478665199,0;355439276197,86;13730725392,24;369170001590,1;4,98;5,09;1,4;1,54;6,38;6,63;4,79
SP;2026;SEM_DADOS;;;;;;;;;;;;;;;;;;;
TO;2025;OK;1435579042,12;306516946,05;1742095988,1699998;265249120,5;26963431,16;292212551,66;1700828162,62;333480377,21000004;2034308539,83;16550943898,76;1387935257,75;17938879156,51;8,67;9,71;1,6;1,63;10,28;11,34;8,0
TO;2026;SEM_DADOS;;;;;;;;;;;;;;;;;;;
